gene_id	concentration in Mix 1 (attomoles/ul)	concentration in Mix 2 (attomoles/ul)	sham11_ssal	sham12_ssal	sham21_ssal	sham22_ssal	sham31_ssal	sham32_ssal	sbs11_ssal	sbs12_ssal	sbs21_ssal	sbs22_ssal	sbs31_ssal	sbs32_ssal	transcript_id(s)	sham11_srsem	sham12_srsem	sham21_srsem	sham22_srsem	sham31_srsem	sham32_srsem	sbs11_srsem	sbs12_srsem	sbs21_srsem	sbs22_srsem	sbs31_srsem	sbs32_srsem	sham11_sfc	sham12_sfc	sham21_sfc	sham22_sfc	sham31_sfc	sham32_sfc	sbs11_sfc	sbs12_sfc	sbs21_sfc	sbs22_sfc	sbs31_sfc	sbs32_sfc	sham11_hfc	sham12_hfc	sham21_hfc	sham22_hfc	sham31_hfc	sham32_hfc	sbs11_hfc	sbs12_hfc	sbs21_hfc	sbs22_hfc	sbs31_hfc	sbs32_hfc	sham11_psal	sham12_psal	sham21_psal	sham22_psal	sham31_psal	sham32_psal	sbs11_psal	sbs12_psal	sbs21_psal	sbs22_psal	sbs31_psal	sbs32_psal
ERCC-00130	30000.0	7500.0	1725.55414	1692.17026	1439.280265	1421.326064	1661.024063	1604.477491	896.229223	896.235852	851.620143	828.923982	1206.182174	1178.306803	EF011072	2043.51	1984.82	1700.19	1660.6	1993.52	1907.01	1074.76	1074.76	1008.78	975.26	1440.31	1402.63	1870.03894	1842.180054	1556.057129	1547.381226	1842.126953	1788.321533	958.003418	958.003418	924.282104	902.42627	1326.234863	1301.373779	2185.712402	2135.121094	1834.330811	1801.136841	2150.42627	2070.25415	1109.71936	1109.813721	1080.378662	1048.594971	1536.041992	1499.608398	1787.103051	1750.573562	1496.764864	1474.081134	1716.14077	1654.303718	919.790661	919.790667	878.609961	852.464672	1232.672191	1206.619099
ERCC-00004	7500.0	1875.0	1276.44459	1245.341622	1358.284129	1266.69842	1265.358757	1197.484125	777.965281	777.971036	792.036676	733.681826	1041.427744	991.433078	DQ516752	1126.19	1084.28	1188.66	1093.94	1128.53	1061.23	689.73	689.73	697.1	640.39	930.22	876.89	947.501038	929.041077	1006.338684	945.098267	961.212402	919.640381	569.268494	569.268494	589.009216	547.519165	784.645386	751.135437	1113.016724	1077.665527	1180.807373	1100.375854	1124.103149	1065.658447	660.222778	660.27887	691.592285	636.519836	920.307068	865.691162	1408.94395	1375.391176	1495.710901	1399.898834	1390.052882	1324.573195	852.379284	852.379289	872.286105	804.706952	1141.80277	1082.883667
ERCC-00136	1875.0	468.75	86.476011	83.157354	82.07374	74.462929	86.72633	84.900016	38.60235	38.602636	41.259965	38.579391	59.726298	60.550202	EF011063	104.38	97.57	99.85	86.41	104.65	100.95	46.67	46.67	50.28	45.2	71.71	72.22	92.885658	89.577568	88.029343	80.362946	95.177696	93.739059	41.041321	41.041321	44.372639	41.577694	65.03405	66.262825	109.841866	103.993942	106.678642	93.333755	111.181526	108.890182	48.273956	48.278057	52.910545	48.316425	75.596397	76.50666	90.830562	86.018851	86.945441	77.028608	89.276157	87.767095	39.271754	39.271754	43.203041	39.524981	60.612123	62.107454
ERCC-00108	937.5	234.375	85.579699	79.39115	73.721905	67.628085	80.637395	72.907676	40.289983	40.290281	40.11144	36.92658	56.760119	50.743935	DQ668365	100.83	92.78	89.09	78.21	98.47	86.64	48.81	48.81	47.59	43.35	69.61	60.27	91.411629	85.307266	78.791565	72.629967	88.266426	80.195	42.575539	42.575539	42.957195	39.673584	61.566048	55.352169	106.869133	98.788818	94.175354	84.259583	104.313873	92.694618	49.5116	49.515808	50.661217	45.960514	73.144218	63.659473	88.247476	82.750809	78.312602	70.442877	84.549463	75.587135	41.840187	41.840188	41.418302	38.155905	60.226763	52.043667
ERCC-00116	468.75	117.1875	2.798912	1.925814	1.527946	1.931156	1.609335	2.293851	1.303132	1.303142	0.80847	0.915607	1.214282	1.372549	DQ668367	3.74	2.5	1.93	2.52	2.23	3.07	1.9	1.9	1.13	1.18	1.72	1.83	3.469639	2.403315	1.887793	2.413778	2.041715	2.926863	1.605995	1.605995	1.003164	1.141337	1.527476	1.737055	4.059028	2.793782	2.117007	2.84043	2.450552	3.414477	1.965241	1.965408	1.217848	1.315246	1.878662	2.023593	2.827848	1.975812	1.558678	1.986908	1.668659	2.344453	1.371381	1.371381	0.845568	0.932381	1.283315	1.394025
ERCC-00092	234.375	58.59375	18.022825	20.383034	17.941547	15.700132	18.243808	18.158328	12.141771	12.141861	8.435772	9.484181	11.727705	12.797939	DQ459425	21.24	24.35	21.2	18.64	22.4	21.95	14.95	14.95	10.45	11.43	13.92	15.56	19.850023	22.623442	19.748701	17.415947	20.605597	20.617853	13.237955	13.237955	9.341813	10.530772	13.0702	14.406237	23.234739	26.235205	23.226896	20.371347	23.990908	23.917587	15.541744	15.543064	11.113291	12.329283	14.691323	16.71982	18.691062	21.097765	18.562935	16.301595	18.810363	18.792386	12.614574	12.614574	8.875911	9.773709	11.71824	13.106332
ERCC-00095	117.1875	29.296875	16.099446	18.310728	15.757374	15.63412	17.106245	16.42507	9.992126	9.9922	7.419857	8.235058	9.928519	14.070864	DQ516759	13.26	15.92	12.76	13.55	14.95	14.66	8.9	8.9	6.71	7.04	9.21	12.32	11.863288	13.575558	11.605554	11.644396	12.958932	12.474974	7.27247	7.27247	5.506337	6.115224	7.439162	10.560137	13.214399	15.805874	12.670917	13.529106	15.150822	14.569727	8.402684	8.403399	6.669841	7.157469	8.918493	12.131328	17.379674	20.00569	17.037474	17.285455	18.772967	17.955457	10.994502	10.994502	8.339255	9.011516	11.275739	15.152386
ERCC-00131	117.1875	29.296875	18.70597	17.976214	13.973941	15.319908	18.969094	18.484429	8.147338	8.147398	9.520014	8.821959	14.386417	11.417655	DQ855003	20.31	19.11	13.64	16.47	20.68	20.0	8.57	8.57	10.69	9.53	15.8	12.45	17.981293	17.308256	13.352631	14.754568	18.58099	18.252844	7.679777	7.679777	9.160502	8.493773	14.003276	11.151308	21.094103	20.031195	15.050171	17.188171	21.889118	21.190649	8.592781	8.593512	11.110849	9.944017	16.514877	12.861986	19.323097	18.906969	14.226463	16.146929	20.200169	19.469766	8.262468	8.262468	10.305776	9.298388	15.333579	11.848796
ERCC-00062	58.59375	14.6484375	5.497576	5.436261	4.165831	5.905382	5.469923	4.655104	3.976448	3.976477	2.427851	2.921434	3.149261	3.387322	DQ516786	6.53	6.26	5.07	6.93	6.37	5.42	4.57	4.57	2.94	3.4	3.91	3.94	5.87832	5.850532	4.453404	6.370637	5.993475	5.109392	4.20625	4.20625	2.601943	3.13772	3.425533	3.694276	6.912188	6.766514	5.231116	7.491533	6.87062	5.912427	4.773591	4.773996	3.043526	3.671363	4.102176	4.255976	5.698608	5.622913	4.372206	6.191318	5.744507	4.8482	4.061164	4.061164	2.587507	3.031482	3.391539	3.505694
ERCC-00019	29.296875	7.32421875	3.595285	3.063511	3.375831	3.330091	3.749595	3.959386	1.671752	1.671764	2.211519	1.955503	2.11374	2.580849	DQ883651	3.73	2.98	3.53	3.36	3.67	3.94	1.85	1.85	2.36	1.91	2.35	2.65	3.108121	2.659963	2.926431	2.887783	3.327156	3.5332	1.418298	1.418298	1.934652	1.696111	1.857414	2.286148	3.657287	3.114645	3.674735	3.395875	3.918056	4.079121	1.735558	1.735705	2.353499	1.919987	2.281076	2.65435	3.855698	3.313581	3.832277	3.61213	4.174661	4.209413	1.854764	1.854764	2.438498	2.026981	2.355115	2.763454
ERCC-00144	29.296875	7.32421875	3.934839	3.259708	4.132185	3.511723	3.183923	4.188883	2.032932	2.032948	2.327293	2.859736	1.557077	2.824596	DQ854995	3.43	2.95	3.37	3.18	2.78	3.85	2.02	2.02	2.23	2.51	1.33	2.6	3.008491	2.491827	3.131932	2.681678	2.471889	3.268224	1.53336	1.53336	1.774282	2.195392	1.210656	2.190728	3.505244	2.917768	3.923465	3.157055	2.694503	3.806386	1.876358	1.876517	2.15399	2.491732	1.284443	2.552102	4.508088	3.615961	4.810862	3.90656	3.635518	4.629013	2.313165	2.313165	2.63178	3.148646	1.779252	3.101793
ERCC-00170	14.6484375	3.66210938	1.539321	1.359065	1.630108	1.520547	1.581664	1.479946	0.757419	0.757424	0.953799	0.824876	0.745878	0.822166	DQ516773	1.77	1.62	2.0	1.81	1.78	1.75	0.86	0.86	1.09	0.98	0.87	0.99	1.660232	1.466181	1.719954	1.635566	1.739446	1.641225	0.796945	0.796945	1.026787	0.892097	0.818255	0.892021	2.034745	1.713871	2.035593	1.926102	1.954225	1.916275	0.975214	0.975297	1.246526	1.045307	0.896186	1.037482	1.662094	1.420843	1.689261	1.594172	1.631156	1.541335	0.710704	0.710704	1.016521	0.855948	0.714008	0.850897
ERCC-00154	7.32421875	1.83105469	1.381992	1.012473	1.707416	1.047663	2.130011	1.449475	0.765006	0.765012	0.934161	0.92571	0.669644	0.708609	DQ854997	1.34	0.92	1.69	0.95	2.09	1.26	0.76	0.76	0.67	0.84	0.67	0.49	1.046895	0.776219	1.283856	0.796952	1.659619	1.133357	0.578975	0.578975	0.697233	0.701338	0.51883	0.552372	1.268277	0.908903	1.612145	0.938227	2.019557	1.260828	0.708486	0.708547	0.635555	0.821787	0.639156	0.483151	1.577831	1.119226	1.980943	1.16141	2.221706	1.516401	0.867437	0.867437	1.052712	1.015692	0.762536	0.678517
ERCC-00085	7.32421875	1.83105469	0.47695	0.677342	0.471408	0.276106	0.77186	0.420201	0.369624	0.369627	1.128385	0.44727	0.862796	0.68475	DQ883669	0.57	0.76	0.58	0.31	0.84	0.48	0.46	0.46	1.34	0.5	1.07	0.78	0.475598	0.684137	0.458893	0.277369	0.780786	0.432856	0.36674	0.36674	1.126458	0.448035	0.875889	0.696478	0.582883	0.80108	0.42574	0.326538	0.954374	0.505888	0.448776	0.448814	1.362012	0.524981	1.079024	0.811367	0.520012	0.715036	0.522294	0.292297	0.83872	0.441899	0.400238	0.400238	1.214313	0.468644	0.938232	0.715589
ERCC-00028	3.66210938	0.91552734	0.321941	0.050801	0.07955	0.279557	0.173669	0.283636	0.0	0.0	0.228498	0.030191	0.145597	0.086664	DQ459419	0.42	0.06	0.11	0.34	0.23	0.35	0.0	0.0	0.29	0.04	0.19	0.11	0.36	0.05707	0.088338	0.309364	0.196732	0.322941	0.0	0.0	0.253311	0.033689	0.165468	0.098546	0.441208	0.066825	0.110926	0.364205	0.240471	0.377428	0.0	0.0	0.307521	0.039474	0.203843	0.114802	0.34627	0.052904	0.086947	0.291956	0.186165	0.294255	0.0	0.0	0.242579	0.031206	0.156189	0.089344
ERCC-00033	1.83105469	0.45776367	0.0	0.063071	0.039506	0.061703	0.0	0.046953	0.0	0.0	0.0	0.029986	0.036153	0.071731	DQ516796	0.0	0.08	0.0	0.08	0.0	0.06	0.0	0.0	0.0	0.02	0.05	0.1	0.0	0.07984	0.051343	0.077529	0.0	0.060159	0.0	0.0	0.0	0.037152	0.045317	0.090895	0.0	0.093487	0.052072	0.091272	0.0	0.070309	0.0	0.0	0.0	0.021766	0.055827	0.105888	0.0	0.064694	0.04253	0.06347	0.0	0.047978	0.0	0.0	0.0	0.030529	0.038199	0.072837
ERCC-00134	1.83105469	0.45776367	1.805799	0.712364	0.0	0.0	0.0	0.662892	2.332413	2.33243	0.0	0.0	0.0	0.810175	DQ516739	0.44	0.16	0.0	0.0	0.0	0.15	0.58	0.58	0.0	0.0	0.0	0.19	0.299297	0.116902	0.0	0.0	0.0	0.111358	0.373193	0.373193	0.0	0.0	0.0	0.134872	0.366812	0.136884	0.0	0.0	0.0	0.130146	0.456673	0.456711	0.0	0.0	0.0	0.15712	3.07648	1.175077	0.0	0.0	0.0	1.089312	3.946467	3.946467	0.0	0.0	0.0	1.322984
ERCC-00147	0.91552734	0.22888184	0.073301	0.115665	0.181123	0.141446	0.065903	0.026908	0.189355	0.189356	0.086709	0.0	0.0	0.065773	DQ516790	0.09	0.14	0.24	0.17	0.08	0.03	0.12	0.12	0.0	0.0	0.0	0.08	0.080163	0.126496	0.195154	0.149663	0.07179	0.030224	0.198561	0.198561	0.004216	0.0	0.0	0.071285	0.098247	0.148118	0.245056	0.176194	0.08775	0.035323	0.242977	0.242998	0.0	0.0	0.0	0.083044	0.079147	0.120923	0.198737	0.148295	0.07092	0.028024	0.203058	0.203058	0.0	0.0	0.0	0.068072
ERCC-00097	0.45776367	0.11444092	0.0	0.0	0.256425	0.200253	0.0	0.0	0.0	0.0	0.245517	0.097318	0.0	0.0	DQ516758	0.0	0.0	0.25	0.18	0.0	0.0	0.0	0.0	0.23	0.0	0.0	0.0	0.0	0.0	0.190862	0.14887	0.0	0.0	0.0	0.0	0.180806	0.072787	0.0	0.0	0.0	0.0	0.239666	0.17526	0.0	0.0	0.0	0.0	0.2195	0.0	0.0	0.0	0.0	0.0	0.300108	0.223937	0.0	0.0	0.0	0.0	0.279096	0.107713	0.0	0.0
ERCC-00156	0.45776367	0.11444092	0.0	0.0	0.0	0.0	0.0	0.085246	0.0	0.0	0.0	0.0	0.0	0.0	DQ883643	0.0	0.0	0.0	0.0	0.0	0.07	0.0	0.0	0.0	0.0	0.0	0.0	0.0	0.0	0.0	0.0	0.0	0.060942	0.0	0.0	0.0	0.0	0.0	0.0	0.0	0.0	0.0	0.0	0.0	0.071224	0.0	0.0	0.0	0.0	0.0	0.0	0.0	0.0	0.0	0.0	0.0	0.09541	0.0	0.0	0.0	0.0	0.0	0.0
ERCC-00123	0.22888184	0.05722046	0.073396	0.028954	0.090679	0.035407	0.0	0.026943	0.0	0.0	0.086821	0.0	0.0	0.032929	DQ516782	0.09	0.03	0.12	0.04	0.0	0.03	0.0	0.0	0.11	0.0	0.0	0.04	0.080242	0.031759	0.097673	0.038858	0.0	0.029855	0.0	0.0	0.095027	0.0	0.0	0.03616	0.098343	0.037188	0.122648	0.045747	0.0	0.034893	0.0	0.0	0.115363	0.0	0.0	0.042124	0.079253	0.030271	0.099501	0.037123	0.0	0.028062	0.0	0.0	0.092535	0.0	0.0	0.034081
ERCC-00017	0.11444092	0.02861023	0.0	0.025228	0.0	0.0	0.057497	0.0	0.0	0.0	0.0	0.0	0.0	0.0	DQ459420	0.0	0.03	0.0	0.0	0.08	0.0	0.0	0.0	0.0	0.0	0.0	0.0	0.0	0.028196	0.0	0.0	0.065522	0.0	0.0	0.0	0.0	0.0	0.0	0.0	0.0	0.033016	0.0	0.0	0.080089	0.0	0.0	0.0	0.0	0.0	0.0	0.0	0.0	0.026237	0.0	0.0	0.061552	0.0	0.0	0.0	0.0	0.0	0.0	0.0
ERCC-00083	0.02861023	0.00715256	0.0	0.0	0.0	0.0	0.0	0.0	0.0	0.0	0.0	0.0	0.0	0.0	DQ516780	0.0	0.0	0.0	0.0	0.0	0.0	0.0	0.0	0.0	0.0	0.0	0.0	0.0	0.0	0.0	0.0	0.0	0.0	0.0	0.0	0.0	0.0	0.0	0.0	0.0	0.0	0.0	0.0	0.0	0.0	0.0	0.0	0.0	0.0	0.0	0.0	0.0	0.0	0.0	0.0	0.0	0.0	0.0	0.0	0.0	0.0	0.0	0.0
ERCC-00096	15000.0	15000.0	1341.896853	1273.21958	1171.526726	1091.880631	1262.750673	1229.431285	2677.464612	2677.484417	2498.186539	2395.231057	3622.713329	3392.965647	DQ459429	1625.49	1519.3	1416.12	1298.6	1548.56	1486.25	3296.21	3296.21	3035.15	2862.57	4453.41	4108.72	1474.190674	1405.591064	1285.065186	1205.960205	1420.11084	1389.557495	2905.929688	2905.929688	2751.371582	2645.317383	4040.458008	3800.034668	1734.444824	1632.470215	1521.170776	1406.207886	1666.977661	1611.797363	3405.716553	3406.005859	3237.664062	3076.117188	4733.652832	4387.123535	1395.140029	1320.404362	1219.510494	1134.664604	1309.162468	1270.775349	2763.283687	2763.283702	2588.655039	2466.676598	3730.384106	3481.13797
ERCC-00171	3750.0	3750.0	557.728759	575.198814	430.181883	462.220914	528.805956	563.638468	1151.165953	1151.174468	1105.009733	1154.295617	1524.689639	1641.223002	DQ854994	466.31	486.09	360.27	388.7	447.53	482.24	983.77	983.77	930.89	978.15	1297.29	1406.5	399.817352	414.391541	307.493652	332.66983	388.048004	415.519745	813.649841	813.649841	793.823486	831.515137	1109.230225	1199.081055	461.691345	480.727936	357.567383	387.88858	444.284058	480.977509	933.824585	933.903931	918.666077	965.535889	1272.984375	1380.04895	612.830604	638.409433	466.859403	515.575814	579.479604	624.071723	1255.570506	1255.570513	1213.823734	1272.496324	1650.678874	1804.034042
ERCC-00009	937.5	937.5	46.008672	48.115275	42.059667	42.64032	48.1666	45.907297	92.229771	92.230454	90.585606	87.19617	130.219871	130.362403	DQ668364	53.98	55.0	49.29	48.75	56.47	53.63	108.91	108.91	104.96	100.0	154.31	151.75	48.619556	51.037315	44.527222	45.295601	52.212288	49.860229	96.266945	96.266945	96.055931	92.623184	140.003174	140.377167	56.786278	58.658062	53.319538	52.353569	60.033169	57.406815	111.901611	111.911118	112.088593	106.535828	163.122894	160.601379	48.093041	49.750386	44.131984	44.155425	49.677454	47.242691	94.360441	94.360441	94.075023	89.506388	133.886352	133.173292
ERCC-00042	468.75	468.75	51.09081	47.5962	47.182564	46.712633	50.481454	47.896444	108.594888	108.595692	104.310905	100.359855	131.108691	131.184748	DQ516783	59.69	55.28	54.81	53.68	58.31	56.16	131.47	131.47	125.07	117.01	156.22	154.38	54.525024	51.070869	50.210415	50.049759	55.078274	52.5709	114.652069	114.652069	111.674957	107.544312	141.922363	142.727661	63.685974	59.435036	59.033852	58.314648	63.112705	60.768188	135.210999	135.222488	131.240097	124.875191	164.851974	164.731812	53.266156	49.366754	48.690471	48.529554	52.126086	49.462845	112.798842	112.798843	108.767717	103.641033	134.501304	134.884146
ERCC-00060	234.375	234.375	53.963511	55.102887	80.773929	74.894508	64.751436	59.657064	171.302486	171.303753	174.071297	160.283057	207.206106	197.038827	DQ516763	47.68	47.24	70.71	63.98	55.76	52.27	151.45	151.45	154.58	138.7	187.24	172.99	39.924686	40.907368	59.653423	55.558105	48.819565	45.342102	124.876572	124.876572	128.919983	118.986412	155.205902	148.311935	46.700623	47.212387	69.701546	64.192177	56.048016	52.404987	146.082123	146.094528	152.434113	138.136261	182.89122	170.941864	60.237503	61.17209	89.432277	83.080805	70.254113	65.932869	190.419893	190.419894	193.692655	176.21771	227.232764	216.483765
ERCC-00035	117.1875	117.1875	8.62803	8.204305	6.523107	6.336632	8.33609	7.256354	12.058986	12.059075	11.196396	12.831072	15.870051	15.946127	DQ459413	10.64	9.83	8.37	7.55	9.92	8.71	15.42	15.42	13.33	15.23	19.89	19.26	9.522339	9.089237	7.162381	7.055262	9.405393	8.193643	13.101631	13.101631	12.403185	14.213823	17.796104	17.94281	11.230337	10.497309	8.891789	8.179638	10.867355	9.43486	15.583422	15.584745	14.443877	16.37755	20.835281	20.599331	8.933755	8.4646	7.042729	6.520348	8.625626	7.405415	12.437316	12.437316	11.482064	13.200323	16.399877	16.230855
ERCC-00025	58.59375	58.59375	1.786922	1.627718	1.886578	1.191182	1.460515	1.657796	3.231244	3.231268	2.882427	3.016306	4.481443	4.387517	DQ883689	2.49	2.16	2.51	1.58	2.06	2.23	4.33	4.33	3.77	3.95	5.69	5.8	2.228441	2.033662	2.334164	1.489275	1.85648	2.12574	3.97707	3.97707	3.593909	3.775483	5.666633	5.550015	2.581242	2.381286	2.742438	1.750501	2.222984	2.463414	4.659789	4.660184	4.072834	4.398835	6.338211	6.417452	1.826693	1.671881	1.903943	1.226969	1.48239	1.6963	3.271717	3.271717	2.97789	3.059537	4.430691	4.431609
ERCC-00051	58.59375	58.59375	23.475393	25.645104	42.389366	23.520947	27.600155	31.155924	83.966873	83.967494	61.947188	53.342976	85.749937	99.651521	DQ516740	5.3	5.54	8.93	5.17	6.03	7.22	19.27	19.27	14.47	11.83	19.01	22.99	3.804227	4.197538	6.844179	3.833257	4.585531	5.220446	13.490418	13.490418	10.078326	8.704681	14.00517	16.589201	4.6479	4.781812	7.728136	4.353367	4.945335	6.101246	16.076105	16.077473	12.235153	9.882726	15.544049	19.325693	39.254144	40.366611	68.237996	36.774423	40.58494	50.250236	135.57028	135.570281	102.241547	82.998802	139.60564	159.715774
ERCC-00053	29.296875	29.296875	1.172816	1.387982	1.992354	1.379101	1.186248	1.560671	3.408384	3.408409	2.948105	3.471351	5.055392	4.045055	DQ516785	1.49	1.65	2.59	1.64	1.44	1.88	4.07	4.07	3.6	4.09	6.18	4.89	1.253085	1.49624	2.133679	1.484882	1.300947	1.723545	3.618672	3.618672	3.174046	3.747502	5.491746	4.41242	1.531877	1.752	2.679272	1.746301	1.411121	2.014343	4.428134	4.42851	3.856346	4.342266	6.656529	5.138032	1.18721	1.451074	2.186103	1.445877	1.205637	1.625408	3.655048	3.655048	3.141973	3.56645	5.444313	4.186412
ERCC-00148	14.6484375	14.6484375	2.08998	1.832155	2.295215	1.456346	1.670255	2.131145	3.899231	3.89926	4.669847	3.048771	5.251032	4.688366	DQ883642	1.47	1.48	1.86	1.23	1.34	1.83	3.06	3.06	3.69	2.4	4.41	4.04	1.443825	1.299394	1.605759	1.030278	1.20138	1.541659	2.704903	2.704903	3.274847	2.101185	3.7424	3.349372	1.55268	1.444571	2.01636	1.212914	1.28676	1.797919	2.793103	2.79334	3.517193	2.386197	4.378734	3.901872	2.155686	2.058437	2.368127	1.640851	1.690149	2.385248	4.147926	4.147926	4.71926	3.278378	6.077184	5.21445
ERCC-00126	14.6484375	14.6484375	0.261114	0.231763	0.24195	0.094474	0.11738	0.167742	0.758837	0.758842	0.772189	0.275473	0.590439	0.175724	DQ459427	0.34	0.28	0.32	0.08	0.15	0.21	0.9	0.9	0.99	0.33	0.59	0.18	0.286652	0.25938	0.266666	0.104696	0.132267	0.188494	0.829341	0.829341	0.859529	0.30418	0.656795	0.197445	0.351314	0.303718	0.334854	0.082537	0.161673	0.220297	0.902934	0.903011	1.043474	0.35642	0.704055	0.230015	0.279959	0.240596	0.263613	0.098353	0.125428	0.173473	0.718256	0.718256	0.817188	0.283842	0.552471	0.180587
ERCC-00034	7.32421875	7.32421875	0.95787	1.220801	1.456522	0.959729	1.656137	1.4065	2.093735	2.093751	2.09184	2.591144	2.832416	3.107423	DQ855001	1.12	1.45	1.78	1.14	2.05	1.69	2.48	2.48	2.52	3.08	3.16	3.59	1.020804	1.319798	1.566051	1.036369	1.818346	1.55704	2.221221	2.221221	2.244724	2.800365	3.093867	3.409464	1.155039	1.545398	1.966499	1.218274	2.134515	1.819746	2.706472	2.706702	2.60484	3.271964	3.345821	3.817531	0.954867	1.276507	1.598429	1.006366	1.711215	1.465087	2.143559	2.143559	2.136864	2.689199	2.871367	3.113894
ERCC-00150	3.66210938	3.66210938	0.229865	0.136018	0.141996	0.221781	0.206664	0.210953	0.890697	0.890703	0.135955	0.485012	0.649722	0.618776	DQ883659	0.26	0.15	0.17	0.24	0.24	0.23	0.88	0.88	0.15	0.52	0.62	0.68	0.21639	0.127032	0.134348	0.210987	0.201695	0.200402	0.829465	0.829465	0.12899	0.459752	0.614971	0.594858	0.265203	0.148746	0.168702	0.248388	0.246536	0.234214	1.015008	1.015095	0.156595	0.538711	0.613878	0.692984	0.252799	0.144837	0.158693	0.236829	0.22652	0.223776	0.972861	0.972861	0.147582	0.512611	0.712676	0.652269
ERCC-00067	3.66210938	3.66210938	0.287623	0.283658	0.0	0.138754	0.258593	0.369543	0.3715	0.371503	0.680467	0.404587	1.300763	0.387127	DQ883653	0.31	0.29	0.0	0.14	0.28	0.38	0.41	0.41	0.73	0.41	1.08	0.4	0.24798	0.248688	0.0	0.123333	0.229618	0.331021	0.323999	0.323999	0.599246	0.357035	1.155596	0.345065	0.303919	0.291197	0.0	0.145196	0.280668	0.386871	0.396474	0.396508	0.727489	0.418352	1.07066	0.401985	0.32044	0.305984	0.0	0.150099	0.28713	0.397112	0.411056	0.411056	0.748279	0.433179	1.445384	0.413398
ERCC-00031	1.83105469	1.83105469	0.127616	0.201372	0.157667	0.15391	0.114736	0.093694	0.412081	0.412084	0.226439	0.299188	0.216428	0.286277	DQ459431	0.17	0.25	0.11	0.19	0.08	0.12	0.55	0.55	0.29	0.37	0.29	0.35	0.141281	0.225174	0.175432	0.169896	0.12907	0.107605	0.455345	0.455345	0.254899	0.332286	0.20239	0.324302	0.17315	0.262346	0.108677	0.200013	0.078882	0.12576	0.557201	0.557249	0.309449	0.389353	0.249328	0.377797	0.137225	0.209656	0.086142	0.160696	0.06148	0.097177	0.440077	0.440077	0.240333	0.309175	0.232115	0.295056
ERCC-00109	0.91552734	0.91552734	0.198118	0.0	0.0	0.0	0.0	0.218182	0.255894	0.255895	0.234357	0.278684	0.89598	0.444429	DQ854998	0.19	0.0	0.0	0.0	0.0	0.2	0.25	0.25	0.22	0.25	0.89	0.41	0.150985	0.0	0.0	0.0	0.0	0.170017	0.193351	0.193351	0.16927	0.21496	0.683824	0.340131	0.185045	0.0	0.0	0.0	0.0	0.198702	0.236602	0.236622	0.205494	0.251878	0.833878	0.396238	0.226265	0.0	0.0	0.0	0.0	0.240346	0.290249	0.290249	0.264183	0.305871	1.020596	0.486505
ERCC-00073	0.91552734	0.91552734	0.160515	0.379926	0.396624	0.077435	0.0	0.058923	0.414649	0.414652	0.189875	0.301052	0.544441	0.288061	DQ668358	0.17	0.37	0.21	0.08	0.0	0.06	0.44	0.44	0.2	0.29	0.39	0.29	0.13421	0.315175	0.333289	0.065859	0.0	0.0506	0.341446	0.341446	0.158938	0.255049	0.449722	0.242688	0.164484	0.369049	0.20787	0.077534	0.0	0.059138	0.417824	0.417859	0.192952	0.298851	0.554021	0.282721	0.180186	0.412939	0.226221	0.084402	0.0	0.0638	0.462281	0.462281	0.210382	0.324775	0.609566	0.309944
ERCC-00158	0.45776367	0.45776367	0.072924	0.086302	0.0	0.0	0.0	0.0	0.09419	0.094191	0.0	0.034193	0.247346	0.130869	DQ516795	0.0	0.1	0.0	0.0	0.0	0.0	0.12	0.12	0.0	0.04	0.11	0.16	0.0767	0.093151	0.0	0.0	0.0	0.0	0.100912	0.100912	0.0	0.037067	0.271288	0.143933	0.0	0.107613	0.0	0.0	0.0	0.0	0.123485	0.123495	0.0	0.043433	0.111401	0.167676	0.078622	0.090091	0.0	0.0	0.0	0.0	0.100856	0.100856	0.0	0.035428	0.177318	0.135241
ERCC-00104	0.22888184	0.22888184	0.0	0.0	0.0	0.0	0.0	0.0	0.0	0.0	0.0	0.014993	0.036153	0.0	DQ516815	0.0	0.0	0.0	0.0	0.0	0.0	0.0	0.0	0.0	0.02	0.05	0.0	0.0	0.0	0.0	0.0	0.0	0.0	0.0	0.0	0.0	0.018576	0.04593	0.0	0.0	0.0	0.0	0.0	0.0	0.0	0.0	0.0	0.0	0.021766	0.056582	0.0	0.0	0.0	0.0	0.0	0.0	0.0	0.0	0.0	0.0	0.015075	0.037725	0.0
ERCC-00142	0.22888184	0.22888184	0.0	0.183969	0.0	0.0	0.0	0.0	0.0	0.0	0.275827	0.0	0.0	0.104615	DQ883646	0.0	0.08	0.0	0.0	0.0	0.0	0.0	0.0	0.25	0.0	0.0	0.09	0.0	0.064972	0.0	0.0	0.0	0.0	0.0	0.0	0.186625	0.0	0.0	0.074959	0.0	0.076078	0.0	0.0	0.0	0.0	0.0	0.0	0.226565	0.0	0.0	0.087324	0.0	0.102922	0.0	0.0	0.0	0.0	0.0	0.0	0.314617	0.0	0.0	0.115877
ERCC-00138	0.11444092	0.11444092	0.0	0.0	0.0	0.0	0.0	0.0	0.0	0.0	0.0	0.034325	0.0	0.065688	DQ516777	0.0	0.0	0.0	0.0	0.0	0.0	0.0	0.0	0.0	0.04	0.0	0.04	0.0	0.0	0.0	0.0	0.0	0.0	0.0	0.0	0.0	0.0	0.0	0.071696	0.0	0.0	0.0	0.0	0.0	0.0	0.0	0.0	0.0	0.0	0.0	0.076235	0.0	0.0	0.0	0.0	0.0	0.0	0.0	0.0	0.0	0.0	0.0	0.068072
ERCC-00117	0.05722046	0.05722046	0.0	0.0	0.0	0.0	0.0	0.0	0.0	0.0	0.07565	0.029986	0.0	0.0	DQ459412	0.0	0.0	0.0	0.0	0.0	0.0	0.0	0.0	0.1	0.04	0.0	0.0	0.0	0.0	0.0	0.0	0.0	0.0	0.0	0.0	0.082117	0.033957	0.0	0.0	0.0	0.0	0.0	0.0	0.0	0.0	0.0	0.0	0.09969	0.039789	0.0	0.0	0.0	0.0	0.0	0.0	0.0	0.0	0.0	0.0	0.080297	0.030989	0.0	0.0
ERCC-00075	0.01430512	0.01430512	0.0	0.0	0.0	0.0	0.0	0.0	0.0	0.0	0.0	0.0	0.0	0.0	DQ516778	0.0	0.0	0.0	0.0	0.0	0.0	0.0	0.0	0.0	0.0	0.0	0.0	0.0	0.0	0.0	0.0	0.0	0.0	0.0	0.0	0.0	0.0	0.0	0.0	0.0	0.0	0.0	0.0	0.0	0.0	0.0	0.0	0.0	0.0	0.0	0.0	0.0	0.0	0.0	0.0	0.0	0.0	0.0	0.0	0.0	0.0	0.0	0.0
ERCC-00074	15000.0	22500.0	3967.776271	3860.289017	3662.860098	3443.342139	3770.701616	3632.271651	13103.983792	13104.080723	12663.732873	12287.540146	17985.101067	17368.116821	DQ516754	3517.21	3361.49	3236.3	2989.34	3380.02	3205.27	11804.02	11804.02	11229.9	10713.98	16192.36	15365.0	2922.444092	2856.055908	2694.216064	2549.117432	2841.965576	2751.710449	9534.900391	9534.900391	9341.320312	9088.192383	13440.600586	13034.556641	3439.693359	3319.093018	3196.123535	2977.694824	3334.977539	3195.31543	11196.955078	11197.90625	10995.18457	10579.270508	15766.636719	15068.514648	4398.532925	4267.620649	4065.867411	3816.678425	4167.910947	4004.638906	14418.557478	14418.557561	13996.387529	13498.104255	19787.849551	19010.276128
ERCC-00113	3750.0	5625.0	518.790565	494.553792	431.652228	419.051677	496.044458	470.890226	1588.00282	1588.014567	1472.300873	1434.709781	2086.703156	2017.809771	DQ883663	579.63	547.04	484.32	460.38	562.18	528.33	1802.21	1802.21	1646.78	1590.37	2374.62	2269.7	516.87439	495.177948	429.343048	419.739899	506.132782	482.810608	1560.222046	1560.222046	1470.321045	1436.752441	2110.894531	2050.032959	607.713806	574.96106	506.538452	488.734558	592.884827	560.164429	1819.134766	1819.289307	1723.075562	1671.831543	2467.566162	2369.414307	543.987441	518.268617	455.618409	439.492512	519.198058	491.806996	1649.794152	1649.794161	1538.251397	1494.498351	2167.464596	2092.438189
ERCC-00145	937.5	1406.25	64.602909	60.537441	49.055884	52.805271	60.140774	57.96154	192.851369	192.852796	181.528866	178.695734	253.419313	251.774189	DQ875386	76.35	70.66	56.28	61.4	71.48	68.48	230.92	230.92	214.02	208.93	303.12	297.33	69.591187	65.58992	52.881531	57.168865	66.364288	64.276649	204.963242	204.963242	196.009674	193.817154	277.266815	276.723145	80.673576	76.091263	61.062588	66.346703	77.387474	74.101181	238.606705	238.626968	227.245102	224.97052	321.614716	318.243774	67.407387	62.903246	50.816252	54.920229	62.203278	59.901485	199.445191	199.445192	186.232121	184.373492	260.589009	258.522947
ERCC-00111	468.75	703.125	42.267791	40.678757	34.343396	35.123354	35.947521	36.595651	124.631878	124.6328	114.412735	114.127553	159.123209	159.669383	DQ883685	48.29	47.13	40.24	40.6	42.55	43.18	148.22	148.22	134.3	133.79	188.78	188.58	44.857471	43.377369	36.368069	37.455963	39.065792	39.905018	130.433472	130.433472	121.808342	121.869446	171.587128	172.79332	51.483952	50.37603	42.977398	43.665604	45.693474	46.44603	152.029922	152.042847	142.536972	142.014435	198.364365	199.345367	42.978981	42.329464	35.972983	36.600093	37.404604	37.928093	128.643306	128.643307	118.532091	117.906931	162.10888	164.21654
ERCC-00076	234.375	351.5625	31.655381	31.703752	24.465709	25.660953	27.940551	26.583638	88.308098	88.308751	88.399143	87.904392	125.673806	122.826678	DQ883650	32.09	31.03	23.82	25.33	27.5	26.7	87.61	87.61	87.06	86.55	128.29	123.16	27.414818	27.593201	21.127235	22.358677	24.767841	23.72331	75.731178	75.731178	76.604088	76.455261	110.399414	108.469063	32.678238	32.161076	23.988823	25.85935	28.67201	27.373409	87.551338	87.558777	88.960052	88.438896	128.199966	125.259293	34.312305	34.025735	25.48311	27.466419	29.446382	28.405192	93.403471	93.403471	93.66706	93.567071	132.608114	130.512385
ERCC-00044	117.1875	175.78125	1.876215	1.776341	1.004473	1.508526	1.124565	1.767768	6.058408	6.058453	5.178613	5.688925	7.495182	7.463667	DQ459424	2.29	2.11	1.24	1.84	1.34	2.19	7.47	7.47	6.31	6.96	9.23	9.07	2.104886	1.9939	1.104134	1.689678	1.283482	2.020408	6.661674	6.661674	5.753698	6.373634	8.405493	8.470621	2.579703	2.33343	1.275145	1.987608	1.568833	2.361293	7.936805	7.937479	6.633427	7.463104	9.5684	9.787958	1.942553	1.842126	1.009178	1.568828	1.140407	1.826264	6.10081	6.10081	5.240068	5.855667	7.553562	7.575846
ERCC-00162	58.59375	87.890625	9.754942	10.316439	10.513432	12.215414	12.502439	11.961889	39.407614	39.407906	41.737829	39.024594	61.481313	54.101871	DQ516750	8.27	8.87	8.96	10.47	10.94	10.48	35.97	35.97	37.09	34.16	55.69	47.89	7.192262	7.662119	7.756649	9.051093	9.484206	9.08709	28.798971	28.798971	30.900822	28.731699	45.996143	40.678078	8.45815	8.897264	9.021066	10.481483	11.080175	10.556636	33.294685	33.297512	36.615036	33.506935	53.522163	47.274036	10.237342	11.366869	11.657219	13.605326	13.866396	13.150475	43.367201	43.367201	46.143879	42.590143	67.654432	59.483352
ERCC-00071	58.59375	87.890625	7.371801	7.469769	4.285964	6.763892	8.837012	6.579583	26.324401	26.324596	24.963781	22.501356	36.607194	33.657363	DQ883654	7.48	7.36	3.74	6.59	8.65	6.66	26.8	26.8	24.59	22.01	38.41	33.41	6.385194	6.488018	3.717116	5.886346	7.825166	5.858429	22.468601	22.468601	21.663954	19.594507	32.127659	29.712736	7.35384	7.482544	4.087081	6.803327	8.553987	6.841686	26.375231	26.377472	24.838255	22.590986	37.68491	34.2108	7.73235	7.937287	4.247185	7.243891	9.382426	7.072779	28.516989	28.516989	26.520192	23.881743	39.419124	35.468334
ERCC-00084	29.296875	43.9453125	1.67548	1.922777	2.164104	1.800256	1.643315	2.124728	6.098797	6.098843	7.29719	6.249162	9.041091	8.337113	DQ883682	1.83	2.24	2.43	2.12	2.1	2.48	7.13	7.13	8.66	7.01	10.3	9.8	1.785745	2.051615	2.28698	1.914591	1.795187	2.32636	6.30856	6.30856	7.74174	6.651547	9.731801	9.033727	2.088788	2.402308	2.619567	2.253988	2.190641	2.681078	7.270627	7.271245	9.047366	7.562336	11.172344	10.375485	1.646704	2.012694	2.274154	1.889784	1.770632	2.157324	6.125872	6.125872	7.690647	6.381369	9.006049	8.639249
ERCC-00099	14.6484375	21.9726563	1.751361	1.747542	1.781922	1.118229	1.065167	1.153453	4.524199	4.524232	3.838764	4.299164	4.892052	5.315376	DQ875387	2.29	2.2	2.19	1.37	1.26	1.47	5.79	5.79	4.79	5.36	6.21	6.74	2.021412	2.037328	2.026983	1.293972	1.246805	1.373266	5.170063	5.170063	4.458321	4.994888	5.738261	6.272645	2.477399	2.384468	2.446256	1.523353	1.406286	1.604965	6.047239	6.047753	5.152725	5.843905	6.7346	7.306081	1.876691	1.813111	1.801768	1.163474	1.088098	1.19218	4.602369	4.602369	3.931252	4.427246	4.854957	5.43563
ERCC-00054	14.6484375	21.9726563	1.805799	7.836004	0.0	9.582608	4.870616	3.977352	23.324131	23.324304	29.904846	22.012845	32.655187	25.923808	DQ516731	0.44	1.79	0.0	1.99	1.21	0.92	4.09	4.09	6.2	4.85	7.19	5.46	0.299297	1.268769	0.0	1.48944	0.811342	0.665176	3.742015	3.742015	4.550637	3.478908	5.10827	4.131115	0.366812	1.485647	0.0	1.672645	0.991723	0.777405	3.671894	3.672206	5.039003	4.052504	5.806748	4.642356	3.134168	13.168221	0.0	14.680901	8.4251	6.658428	36.184214	36.184214	43.912771	35.30711	49.47973	40.43376
ERCC-00157	7.32421875	10.9863281	0.442094	1.104534	0.273098	0.746456	0.927437	0.757346	2.379245	2.379262	1.65604	1.589235	2.415884	2.347096	DQ839618	0.47	1.21	0.24	0.84	1.02	0.91	2.6	2.6	2.08	1.89	2.94	2.8	0.474399	1.183166	0.292573	0.804071	1.012897	0.832817	2.518198	2.518198	1.78324	1.707515	2.634526	2.560362	0.581413	1.383938	0.247657	0.942985	1.141662	0.973331	2.591973	2.592193	2.154207	1.999015	3.01498	2.937082	0.477434	1.154935	0.199804	0.745456	0.926908	0.788893	2.245633	2.245633	1.765236	1.649375	2.602177	2.395303
ERCC-00143	3.66210938	5.49316406	0.106108	0.334866	0.0	0.358317	0.095398	0.116854	0.548207	0.548211	1.129652	0.447773	1.559576	0.904505	DQ668362	0.12	0.37	0.0	0.39	0.11	0.13	0.49	0.49	1.17	0.49	1.45	1.01	0.104602	0.325757	0.0	0.348585	0.092409	0.116755	0.526997	0.526997	1.090421	0.432472	1.520994	0.891817	0.128197	0.38144	0.0	0.410378	0.112953	0.136454	0.487434	0.487475	1.323778	0.506746	1.583826	1.030874	0.116466	0.355879	0.0	0.381882	0.104359	0.123714	0.597606	0.597606	1.223855	0.472327	1.576008	0.9516
ERCC-00039	3.66210938	5.49316406	0.346908	0.091234	0.285731	0.223139	0.20793	0.297142	0.89615	0.896156	1.231091	0.759082	2.35332	1.193248	DQ883656	0.4	0.1	0.34	0.24	0.24	0.32	0.7	0.7	1.4	0.82	2.32	1.3	0.328088	0.085416	0.269787	0.209017	0.198489	0.286428	0.83096	0.83096	1.162164	0.661902	2.200449	1.140605	0.402098	0.100017	0.338773	0.24607	0.242618	0.334754	0.671798	0.671856	1.410874	0.775578	2.696345	1.328755	0.38164	0.097179	0.319429	0.238354	0.227978	0.315303	0.815937	0.815937	1.336786	0.745204	2.295245	1.258232
ERCC-00058	1.83105469	2.74658203	0.127904	0.126142	0.0	0.123406	0.057497	0.117381	0.330409	0.330411	0.453901	0.449795	0.361527	0.373	DQ459418	0.17	0.15	0.0	0.15	0.08	0.14	0.44	0.44	0.58	0.55	0.48	0.46	0.142479	0.139854	0.0	0.137536	0.065522	0.135012	0.362485	0.362485	0.496071	0.505785	0.408762	0.423332	0.176948	0.16376	0.0	0.161916	0.080089	0.157791	0.44357	0.443607	0.602234	0.592649	0.503562	0.493163	0.137544	0.131339	0.0	0.128855	0.061623	0.121753	0.352878	0.352878	0.481781	0.464838	0.387755	0.384463
ERCC-00120	0.91552734	1.37329102	0.0	0.078155	0.0	0.095575	0.178122	0.145454	0.767681	0.767686	0.234357	0.092895	0.223995	0.266658	DQ854992	0.0	0.07	0.0	0.09	0.17	0.13	0.76	0.76	0.22	0.08	0.22	0.24	0.0	0.058963	0.0	0.072142	0.14072	0.11461	0.585211	0.585211	0.178805	0.071022	0.168646	0.206837	0.0	0.069041	0.0	0.084931	0.172005	0.133947	0.716118	0.716178	0.21707	0.083219	0.207758	0.240956	0.0	0.086423	0.0	0.105986	0.202744	0.16023	0.870748	0.870748	0.264183	0.101957	0.255149	0.291903
ERCC-00040	0.91552734	1.37329102	0.0	0.18099	0.141709	0.055333	0.0	0.08421	0.296298	0.2963	0.0	0.322687	0.778088	0.308761	DQ883661	0.0	0.19	0.17	0.06	0.0	0.09	0.35	0.35	0.0	0.35	0.77	0.34	0.0	0.171062	0.132379	0.050569	0.0	0.079834	0.273022	0.273022	0.0	0.302224	0.732314	0.294049	0.0	0.200302	0.166229	0.059533	0.0	0.093304	0.334094	0.334123	0.0	0.349332	0.754526	0.342554	0.0	0.192705	0.158355	0.059081	0.0	0.08932	0.323597	0.323597	0.0	0.341013	0.71116	0.325441
ERCC-00164	0.45776367	0.68664551	0.0	0.0	0.0	0.0	0.0	0.026943	0.0948	0.094801	0.086821	0.034414	0.0	0.098788	DQ516779	0.0	0.0	0.0	0.0	0.0	0.03	0.12	0.12	0.0	0.0	0.0	0.12	0.0	0.0	0.0	0.0	0.0	0.029457	0.100054	0.100054	0.092526	0.031785	0.0	0.107514	0.0	0.0	0.0	0.0	0.0	0.034427	0.122435	0.122445	0.112327	0.037244	0.0	0.125249	0.0	0.0	0.0	0.0	0.0	0.028024	0.101529	0.101529	0.092411	0.035664	0.0	0.102108
ERCC-00024	0.22888184	0.34332275	0.198118	0.0	0.244769	0.0	0.178122	0.0	0.0	0.0	0.0	0.185789	0.0	0.088886	DQ854993	0.0	0.0	0.24	0.0	0.17	0.0	0.0	0.0	0.0	0.17	0.0	0.08	0.142934	0.0	0.188716	0.0	0.14072	0.0	0.0	0.0	0.0	0.143938	0.0	0.068945	0.175176	0.0	0.236972	0.0	0.172005	0.0	0.0	0.0	0.0	0.168659	0.0	0.080318	0.227132	0.0	0.28516	0.0	0.203521	0.0	0.0	0.0	0.0	0.204695	0.0	0.097674
ERCC-00016	0.22888184	0.34332275	0.0	0.0	0.0	0.0	0.0	0.0	0.0	0.0	0.112838	0.0	0.107849	0.0	DQ883664	0.0	0.0	0.0	0.0	0.0	0.0	0.0	0.0	0.13	0.0	0.13	0.0	0.0	0.0	0.0	0.0	0.0	0.0	0.0	0.0	0.11204	0.0	0.111503	0.0	0.0	0.0	0.0	0.0	0.0	0.0	0.0	0.0	0.136018	0.0	0.137363	0.0	0.0	0.0	0.0	0.0	0.0	0.0	0.0	0.0	0.121431	0.0	0.117279	0.0
ERCC-00012	0.11444092	0.17166138	0.076158	0.0	0.0	0.0	0.0	0.027957	0.098368	0.098368	0.0	0.0	0.0	0.068337	DQ883670	0.1	0.0	0.0	0.0	0.0	0.03	0.13	0.13	0.0	0.0	0.0	0.04	0.081417	0.0	0.0	0.0	0.0	0.030287	0.102873	0.102873	0.0	0.0	0.0	0.074356	0.099783	0.0	0.0	0.0	0.0	0.035397	0.125884	0.125895	0.0	0.0	0.0	0.086621	0.082335	0.0	0.0	0.0	0.0	0.029153	0.105618	0.105618	0.0	0.0	0.0	0.035407
ERCC-00098	0.05722046	0.08583069	0.0	0.0	0.0	0.0	0.057047	0.0	0.0	0.0	0.0	0.0	0.0	0.0	DQ459415	0.0	0.0	0.0	0.0	0.08	0.0	0.0	0.0	0.0	0.0	0.0	0.0	0.0	0.0	0.0	0.0	0.064253	0.0	0.0	0.0	0.0	0.0	0.0	0.0	0.0	0.0	0.0	0.0	0.074292	0.0	0.0	0.0	0.0	0.0	0.0	0.0	0.0	0.0	0.0	0.0	0.061197	0.0	0.0	0.0	0.0	0.0	0.0	0.0
ERCC-00057	0.01430512	0.02145767	0.0	0.028991	0.0	0.0	0.0	0.0	0.0	0.0	0.0	0.0	0.0	0.0	DQ668366	0.0	0.03	0.0	0.0	0.0	0.0	0.0	0.0	0.0	0.0	0.0	0.0	0.0	0.031791	0.0	0.0	0.0	0.0	0.0	0.0	0.0	0.0	0.0	0.0	0.0	0.037225	0.0	0.0	0.0	0.0	0.0	0.0	0.0	0.0	0.0	0.0	0.0	0.03019	0.0	0.0	0.0	0.0	0.0	0.0	0.0	0.0	0.0	0.0
ERCC-00002	15000.0	30000.0	1112.203944	1077.15417	961.498596	920.137683	1062.76298	1017.762408	4212.546966	4212.578126	3919.329268	3822.103627	5889.018803	5656.017781	DQ459430	1312.83	1253.87	1134.83	1064.89	1273.79	1198.26	5061.07	5061.07	4635.91	4452.67	7056.24	6690.57	1204.001099	1172.699219	1039.567749	1002.015808	1178.625244	1134.507935	4502.31543	4502.31543	4254.388672	4161.422363	6476.667969	6246.416016	1407.967285	1354.673828	1226.420166	1162.474243	1376.925903	1308.22876	5250.749512	5251.195312	4987.824707	4816.05127	7539.115234	7175.90625	1152.483738	1115.165277	1000.175978	953.682296	1098.084409	1050.122534	4331.103773	4331.103798	4046.882758	3929.755218	6039.77096	5793.618047
ERCC-00046	3750.0	7500.0	627.028224	617.646243	638.787153	595.831647	643.527082	603.963904	2842.936486	2842.957515	2752.256863	2685.405617	3938.20061	3745.164622	DQ516748	553.88	535.92	547.99	515.11	566.78	528.84	2520.79	2520.79	2423.81	2332.17	3500.86	3295.79	464.130157	459.161285	471.402679	443.222473	486.879822	459.555023	2074.687012	2074.687012	2040.553345	1996.962524	2957.005859	2824.200195	544.889526	532.903137	545.953918	515.735107	568.66272	531.442566	2415.431152	2415.63623	2394.682861	2321.72583	3451.817383	3255.467529	695.838778	681.84055	699.852584	658.600126	705.111405	662.629568	3102.525723	3102.525741	3027.354793	2940.659966	4299.362489	4085.64279
ERCC-00003	937.5	1875.0	93.971906	95.712892	112.11519	101.664512	95.954305	93.371158	469.315486	469.318957	443.689861	431.066201	566.701157	547.496536	DQ516784	110.14	111.22	132.96	118.24	114.24	110.38	564.04	564.04	525.81	503.05	675.75	647.48	100.443008	102.872337	119.765747	109.39241	105.107979	102.769234	495.987732	495.987732	475.753448	463.57724	615.265686	597.127014	116.756119	119.647812	141.41658	127.586388	121.826035	119.087006	578.895447	578.944641	558.947205	538.7323	716.106262	688.346008	98.063547	99.761352	115.962815	105.919738	99.075024	96.655724	485.512209	485.512212	460.206652	444.985949	583.433993	563.021332
ERCC-00043	468.75	937.5	63.918488	62.488085	68.373965	62.094916	65.507266	59.924371	283.17987	283.181965	271.399113	268.015806	383.298165	372.013504	DQ516787	74.89	72.86	79.92	71.7	78.68	70.92	339.24	339.24	322.33	312.73	454.88	439.84	68.434486	67.317436	73.151367	66.852364	71.893562	66.107124	299.548828	299.548828	291.533844	288.809174	417.197235	406.573181	80.055725	78.121895	86.140236	77.834854	83.914291	76.623589	350.589569	350.619354	342.147186	335.975983	484.006012	469.151611	66.879497	64.965801	71.64455	64.693715	68.083052	62.073769	293.926777	293.926778	282.59276	277.00616	393.329296	383.039661
ERCC-00022	234.375	468.75	23.637311	25.118437	19.422287	21.933066	28.674375	22.668234	102.547445	102.548203	98.33162	97.786715	138.098997	141.771024	DQ855004	25.49	26.47	20.15	23.14	31.76	24.32	110.19	110.19	106.37	103.08	149.61	151.77	22.332365	23.952854	18.402874	20.958099	27.900787	22.139814	95.962128	95.962128	93.556229	93.316269	132.871445	137.132645	26.427973	27.718292	21.475142	24.397264	33.016727	25.719524	112.350647	112.360191	108.884613	108.459496	154.848877	158.189728	24.980193	26.487808	20.440082	23.343957	30.51278	23.938488	107.770703	107.770704	103.17075	102.594724	144.769476	148.788546
ERCC-00112	117.1875	234.375	4.86037	5.575457	3.634523	4.751142	4.887286	4.648301	22.550407	22.550574	18.83689	18.921358	25.596114	28.434051	DQ459422	6.0	6.73	4.21	5.74	5.99	5.59	27.25	27.25	22.51	22.6	31.31	34.3	5.397127	6.204309	4.018617	5.295352	5.535327	5.27263	24.698854	24.698854	20.892382	21.051744	28.77356	32.092125	6.35733	7.200573	4.710767	6.228638	6.542785	6.159723	28.446495	28.448912	24.34201	24.295477	32.951698	37.097908	5.089118	5.805174	3.626367	4.960917	5.05308	4.821411	23.113538	23.113538	19.67271	19.368264	26.05716	29.160052
ERCC-00165	58.59375	117.1875	6.103429	4.348274	2.926215	3.471744	4.668389	4.347261	17.649253	17.649384	15.948319	17.897003	24.512695	22.683047	DQ668363	7.21	4.87	3.22	3.9	5.15	4.94	20.4	20.4	18.67	20.3	27.74	25.77	6.15254	4.425564	2.950368	3.535558	4.839308	4.532477	17.622988	17.622988	16.1931	18.179472	25.134724	23.361198	7.32355	5.136169	3.285057	4.104453	5.595239	5.250855	20.963949	20.965731	19.101685	21.297543	29.406988	26.894859	6.542758	4.543706	3.235951	3.621945	4.974351	4.527982	18.439079	18.439079	16.667355	18.716765	25.264012	23.531876
ERCC-00079	58.59375	117.1875	10.35442	10.552094	10.127493	9.018995	11.507378	11.350239	48.852296	48.852658	41.16828	45.785738	60.973277	63.037233	DQ883652	9.62	10.42	9.81	8.88	12.15	11.28	48.48	48.48	41.02	44.01	61.75	62.69	8.985903	9.202106	8.795826	7.880346	10.191054	10.140342	41.825871	41.825871	35.841667	39.804234	53.736164	55.752785	10.115549	10.65471	10.256041	9.135908	12.034835	11.514566	47.070137	47.074135	42.252163	45.909756	62.576805	63.989609	10.574512	11.321402	10.862299	9.606313	12.203005	12.196998	50.765378	50.765379	44.148468	48.660449	64.861619	66.625947
ERCC-00078	29.296875	58.59375	4.346859	3.880814	2.638108	3.568568	2.948236	3.611301	15.267515	15.267628	14.614023	13.659387	16.295868	19.125896	DQ883673	5.1	4.44	3.04	4.12	3.33	4.25	17.97	17.97	16.33	15.68	18.37	21.97	4.623705	4.134027	2.795928	3.797255	3.195213	3.937573	16.015501	16.015501	15.536392	14.492136	17.55658	20.671864	5.465614	4.770174	3.393047	4.379941	3.453582	4.527708	18.458813	18.460381	17.914545	16.718699	19.893894	23.511854	4.617185	4.030986	2.794889	3.707582	3.029037	3.765971	15.335979	15.335979	15.017619	13.895067	16.084674	19.607169
ERCC-00163	14.6484375	29.296875	1.740461	3.28037	2.867061	2.61217	2.26026	2.555628	14.737026	14.737135	10.980376	11.334414	17.272848	14.055497	DQ668359	1.32	2.85	2.38	2.38	2.23	2.3	13.98	13.98	9.48	10.35	15.14	12.79	1.327445	2.530231	2.186382	2.011263	1.765566	2.012405	11.171639	11.171639	8.432011	8.689489	13.424915	10.917207	1.449099	2.827354	2.308394	2.367797	2.14469	2.349314	13.427731	13.428871	9.590843	10.205929	15.293878	12.704326	1.542637	3.535308	3.320157	2.890375	2.567087	2.809095	16.113689	16.113689	12.09347	12.412969	17.147147	15.35258
ERCC-00059	14.6484375	29.296875	4.12085	4.064052	1.272801	2.186759	3.14919	2.949814	11.177432	11.177515	9.505511	11.49664	19.801164	19.227793	DQ668356	3.92	3.55	1.26	1.96	2.9	2.66	10.38	10.38	8.26	9.99	17.11	17.11	3.072711	3.015589	0.953633	1.633487	2.404866	2.248782	8.227765	8.227765	7.051368	8.578457	14.564482	14.312074	3.758292	3.531059	1.184219	1.913484	2.758914	2.616426	9.836338	9.837173	8.123078	9.875006	16.855547	16.646282	4.723614	4.510519	1.482607	2.43387	3.597699	3.261423	12.118773	12.118774	10.203129	12.451741	20.507469	20.617735
ERCC-00160	7.32421875	14.6484375	1.723986	1.178822	2.413934	1.885137	1.239986	1.096956	5.937977	5.938021	7.341595	5.119568	8.836219	9.539456	DQ883658	1.85	1.27	2.84	1.91	1.2	1.2	6.83	6.83	8.04	5.51	10.0	10.27	1.623652	1.126616	2.282135	1.786353	1.192804	1.068809	5.510551	5.510551	6.912154	4.85302	8.467938	9.152324	1.854642	1.317176	2.852194	1.977996	1.093904	1.24914	6.581627	6.582186	8.232717	5.683282	10.281934	10.536902	1.769593	1.255251	2.697775	1.894635	1.359121	1.163635	6.323597	6.323597	7.969412	5.41089	9.54986	10.055821
ERCC-00014	3.66210938	7.32421875	0.0	0.013094	0.0	0.032026	0.029843	0.060926	0.428738	0.428741	0.157062	0.124513	0.262705	0.178709	DQ875385	0.0	0.02	0.0	0.04	0.04	0.08	0.44	0.44	0.22	0.17	0.33	0.22	0.0	0.016367	0.0	0.039785	0.038542	0.077956	0.501325	0.501325	0.195891	0.155099	0.330924	0.227356	0.0	0.019165	0.0	0.046838	0.04711	0.091109	0.60137	0.601421	0.237813	0.181736	0.407672	0.26486	0.0	0.013422	0.0	0.03292	0.031487	0.062212	0.450772	0.450772	0.164116	0.126676	0.237756	0.181336
ERCC-00077	3.66210938	7.32421875	5.526207	6.540046	4.551659	2.665929	1.656147	4.733443	14.275558	14.275663	26.148164	23.320444	35.405423	27.272762	DQ516742	1.33	1.47	1.12	0.6	0.0	1.08	3.52	3.52	5.71	5.26	8.26	6.25	0.893276	1.052837	0.741041	0.42684	0.276285	0.774908	2.237236	2.237236	4.203372	3.751945	5.769549	4.467064	1.09478	1.232804	0.930529	0.502505	0.33771	0.905651	2.737685	2.737917	4.676731	4.389772	7.029384	5.195524	9.058649	10.379986	7.582	4.243203	2.705663	7.484078	23.240619	23.24062	42.306847	36.737175	57.885266	42.850573
ERCC-00069	1.83105469	3.66210938	0.0	0.100799	0.0	0.154084	0.172298	0.211048	0.825091	0.825097	0.680084	0.449287	0.794463	0.859798	DQ459421	0.0	0.12	0.0	0.19	0.23	0.26	1.1	1.1	0.88	0.55	0.97	1.07	0.0	0.113062	0.0	0.173722	0.195522	0.240804	0.900554	0.900554	0.756378	0.500876	0.900664	0.974194	0.0	0.132388	0.0	0.204517	0.238991	0.281433	1.102	1.102093	0.918248	0.586897	1.007578	1.134894	0.0	0.104949	0.0	0.160882	0.184655	0.218901	0.881174	0.881174	0.721834	0.4643	0.774612	0.886195
ERCC-00137	0.91552734	1.83105469	0.197427	0.077883	0.0	0.0	0.177501	0.072474	0.255002	0.255004	0.700621	0.277713	0.446429	0.885762	DQ855000	0.19	0.07	0.0	0.0	0.17	0.07	0.0	0.0	0.45	0.17	0.44	0.81	0.146685	0.058853	0.0	0.0	0.134913	0.056062	0.192992	0.192992	0.528279	0.211725	0.348193	0.686336	0.179775	0.068913	0.0	0.0	0.164907	0.065521	0.0	0.0	0.433334	0.16613	0.428946	0.799552	0.225404	0.086094	0.0	0.0	0.201973	0.079811	0.0	0.0	0.526356	0.304708	0.508358	0.96931
ERCC-00013	0.91552734	1.83105469	0.0	0.160231	0.0	0.097973	0.091295	0.223656	0.131157	0.131158	0.72071	0.238063	0.803653	0.45558	EF011062	0.0	0.18	0.0	0.11	0.11	0.25	0.16	0.16	0.7	0.26	0.84	0.51	0.0	0.159626	0.0	0.097007	0.092121	0.225567	0.126553	0.126553	0.711681	0.236197	0.799976	0.457362	0.0	0.186912	0.0	0.114203	0.112601	0.263625	0.154861	0.154875	0.723827	0.276762	0.843909	0.532806	0.0	0.169609	0.0	0.104001	0.099474	0.235845	0.142407	0.142407	0.777706	0.200095	0.751113	0.477394
ERCC-00168	0.45776367	0.91552734	0.0	0.057758	0.0	0.141264	0.065818	0.08062	0.0	0.0	0.0	0.137302	0.413841	0.328441	DQ516776	0.0	0.07	0.0	0.17	0.08	0.1	0.0	0.0	0.0	0.16	0.43	0.4	0.0	0.06256	0.0	0.151558	0.07172	0.088993	0.0	0.0	0.0	0.147216	0.45347	0.358962	0.0	0.073254	0.0	0.178424	0.087665	0.104008	0.0	0.0	0.0	0.172499	0.4484	0.418175	0.0	0.060461	0.0	0.148295	0.07092	0.084073	0.0	0.0	0.0	0.142658	0.446255	0.340359
ERCC-00041	0.22888184	0.45776367	0.0	0.0	0.0	0.0	0.058421	0.023853	0.083928	0.083929	0.153729	0.060935	0.073466	0.087494	EF011069	0.0	0.0	0.0	0.0	0.08	0.03	0.11	0.11	0.2	0.07	0.1	0.11	0.0	0.0	0.0	0.0	0.061918	0.026832	0.092368	0.092368	0.169699	0.068762	0.083876	0.102147	0.0	0.0	0.0	0.0	0.075683	0.031359	0.11303	0.113039	0.206016	0.080571	0.103328	0.116132	0.0	0.0	0.0	0.0	0.062493	0.024694	0.089465	0.089465	0.162861	0.062853	0.078646	0.089975
ERCC-00081	0.22888184	0.45776367	0.0	0.078705	0.0	0.096248	0.0	0.0	0.0	0.0	0.472014	0.0	0.0	0.089512	DQ854991	0.0	0.07	0.0	0.09	0.0	0.0	0.0	0.0	0.45	0.0	0.0	0.08	0.0	0.060783	0.0	0.072413	0.0	0.0	0.0	0.0	0.354165	0.0	0.0	0.068281	0.0	0.071173	0.0	0.085249	0.0	0.0	0.0	0.0	0.429958	0.0	0.0	0.079545	0.0	0.087424	0.0	0.107213	0.0	0.0	0.0	0.0	0.534485	0.0	0.0	0.098428
ERCC-00086	0.11444092	0.22888184	0.0	0.0	0.0	0.0	0.0	0.0	0.0	0.0	0.0	0.034504	0.0	0.0	DQ516791	0.0	0.0	0.0	0.0	0.0	0.0	0.0	0.0	0.0	0.04	0.0	0.0	0.0	0.0	0.0	0.0	0.0	0.0	0.0	0.0	0.0	0.037819	0.0	0.0	0.0	0.0	0.0	0.0	0.0	0.0	0.0	0.0	0.0	0.044314	0.0	0.0	0.0	0.0	0.0	0.0	0.0	0.0	0.0	0.0	0.0	0.035712	0.0	0.0
ERCC-00061	0.05722046	0.11444092	0.0	0.0	0.0	0.061703	0.0	0.0	0.0	0.0	0.0	0.029986	0.0	0.028692	DQ459426	0.0	0.0	0.0	0.08	0.0	0.0	0.0	0.0	0.0	0.04	0.0	0.04	0.0	0.0	0.0	0.068078	0.0	0.0	0.0	0.0	0.0	0.033064	0.0	0.031663	0.0	0.0	0.0	0.080146	0.0	0.0	0.0	0.0	0.0	0.038742	0.0	0.036886	0.0	0.0	0.0	0.064427	0.0	0.0	0.0	0.0	0.0	0.030989	0.0	0.029574
ERCC-00048	0.01430512	0.02861023	0.0	0.0	0.0	0.0	0.0	0.0	0.0	0.0	0.0	0.0	0.0	0.0	DQ883671	0.0	0.0	0.0	0.0	0.0	0.0	0.0	0.0	0.0	0.0	0.0	0.0	0.0	0.0	0.0	0.0	0.0	0.0	0.0	0.0	0.0	0.0	0.0	0.0	0.0	0.0	0.0	0.0	0.0	0.0	0.0	0.0	0.0	0.0	0.0	0.0	0.0	0.0	0.0	0.0	0.0	0.0	0.0	0.0	0.0	0.0	0.0	0.0
