gene_id	concentration in Mix 1 (attomoles/ul)	concentration in Mix 2 (attomoles/ul)	A1_ssal	A2_ssal	A3_ssal	A4_ssal	A5_ssal	B1_ssal	B2_ssal	B3_ssal	B4_ssal	B5_ssal	transcript_id(s)	A1_srsem	A2_srsem	A3_srsem	A4_srsem	A5_srsem	B1_srsem	B2_srsem	B3_srsem	B4_srsem	B5_srsem	A1_sfc	A2_sfc	A3_sfc	A4_sfc	A5_sfc	B1_sfc	B2_sfc	B3_sfc	B4_sfc	B5_sfc	A1_hfc	A2_hfc	A3_hfc	A4_hfc	A5_hfc	B1_hfc	B2_hfc	B3_hfc	B4_hfc	B5_hfc	A1_psal	A2_psal	A3_psal	A4_psal	A5_psal	B1_psal	B2_psal	B3_psal	B4_psal	B5_psal
ERCC-00130	30000.0	7500.0	4021.7684	3666.329492	4216.35551	3955.767642	4785.488601	1359.978651	1377.386201	1518.177998	1502.868052	2331.101006	EF011072	3996.12	3605.98	4141.68	3867.38	4693.82	1317.15	1329.27	1476.69	1450.27	2279.83	1114.005371	965.873718	1205.14502	1077.024292	1125.901611	225.217972	225.778412	273.739594	252.955505	377.977722	1124.594238	985.465515	1228.559448	1101.215454	1156.481445	231.201004	234.726425	286.822601	261.776581	388.925629	4114.058069	3684.834361	4233.717348	3948.386212	4768.984154	1384.267538	1403.41949	1554.58469	1523.171578	2364.232816
ERCC-00004	7500.0	1875.0	2076.990941	1644.604409	2115.424996	1927.05566	2509.823702	610.715292	614.198722	741.420079	648.305893	1051.26359	DQ516752	2015.11	1594.23	2059.61	1863.37	2407.43	586.98	587.35	706.05	618.76	1004.77	465.266815	345.117676	495.330444	425.353729	472.358978	82.040344	80.776108	106.552567	87.585876	137.290848	486.465424	365.501831	514.052795	447.796082	493.781342	87.103981	86.923645	114.477081	93.305321	143.600906	2165.93047	1718.29132	2221.009149	2009.382281	2617.806706	639.405619	641.544476	771.918388	676.632026	1105.755814
ERCC-00136	1875.0	468.75	126.815177	99.120978	128.794876	115.49682	157.521306	36.729632	35.702372	45.590433	40.199987	89.13139	EF011063	126.27	99.03	129.33	115.11	156.96	36.03	34.74	44.93	39.5	89.11	34.824371	25.920866	37.03083	31.526737	37.158619	6.05199	5.860852	8.14768	6.731936	14.495281	35.643589	26.859123	38.126965	32.558521	38.466152	6.301103	6.182466	8.679015	7.10472	14.990873	127.659925	99.228062	129.275325	115.363023	157.097633	37.434955	36.074601	46.154245	40.714106	89.650084
ERCC-00108	937.5	234.375	322.781774	302.372234	331.180334	309.874464	309.362331	104.302811	113.035672	120.218191	120.16014	123.041693	DQ668365	323.68	304.88	335.5	311.51	312.6	103.28	112.1	119.03	118.87	123.88	87.981995	79.898773	94.659271	84.537071	72.410751	17.345673	18.56414	21.408325	20.201454	19.772923	89.89547	81.376816	97.061432	86.589294	75.03688	17.775299	19.362453	22.551008	21.039968	20.52524	324.094051	302.752561	332.010259	309.358681	308.736084	104.553494	113.317792	120.480702	120.431503	123.923377
ERCC-00116	468.75	117.1875	14.626616	12.401431	15.951151	13.202768	15.25431	4.527476	5.555316	5.065527	5.723973	8.081206	DQ668367	14.7	12.34	15.97	13.11	15.38	4.46	5.42	4.95	5.56	8.12	4.294247	3.574388	4.994985	3.905026	3.896593	0.807702	1.000537	0.989893	1.035042	1.435608	4.342198	3.585041	4.984415	3.944597	4.000228	0.813202	1.012818	1.026616	1.063585	1.464392	14.687848	12.447809	15.845176	13.118211	15.063076	4.686466	5.75705	5.190015	5.77506	8.241818
ERCC-00092	234.375	58.59375	53.940166	51.00234	56.046032	49.638256	59.449227	18.013246	18.362965	20.098478	20.322447	25.262103	DQ459425	53.36	50.69	55.66	49.38	58.82	17.7	17.92	19.72	20.03	25.2	14.546958	13.383172	15.860243	13.491907	14.084158	2.952911	3.024962	3.608321	3.400967	4.132104	15.14607	13.808934	16.610931	14.105276	14.547669	3.082542	3.189346	3.824031	3.58582	4.268921	53.823252	50.703705	56.086497	49.209629	58.799317	18.003025	18.341504	19.98378	20.344553	25.162906
ERCC-00095	117.1875	29.296875	9.973454	6.546271	8.680947	8.837086	16.181032	2.243847	3.105658	4.98106	2.670623	9.724268	DQ516759	9.79	6.32	8.73	8.35	15.71	2.23	2.86	4.91	2.41	9.61	2.219109	1.388347	1.966973	1.9507	2.927732	0.301283	0.396769	0.730746	0.342097	1.249266	2.304397	1.448121	2.088869	2.031723	3.190844	0.31465	0.427095	0.776934	0.394947	1.327905	10.299743	6.849378	9.322218	9.199216	17.024905	2.327688	3.320028	5.313892	2.894302	10.320279
ERCC-00131	117.1875	29.296875	34.493356	28.487025	33.133978	33.109795	36.834417	10.465964	12.227957	12.027169	12.577218	16.274056	DQ855003	34.73	28.41	32.96	32.83	36.93	10.23	12.11	11.73	12.32	16.37	8.696192	6.992552	8.632478	8.360991	7.938953	1.577424	1.820548	2.004145	1.976056	2.464972	9.099428	7.172916	8.995715	8.607965	8.29886	1.654606	1.978232	2.109012	2.068811	2.56922	35.063167	28.747459	33.439729	32.962487	36.983091	10.420464	12.2807	11.973765	12.882719	16.603974
ERCC-00062	58.59375	14.6484375	15.75178	13.330376	16.163519	14.983524	19.7825	4.920438	5.259153	6.035108	4.9904	8.130593	DQ516786	15.07	12.69	15.64	14.51	18.82	4.7	5.09	5.82	4.96	7.86	4.320032	3.503562	4.737072	4.153353	4.732438	0.816175	0.866595	1.110642	0.847783	1.339413	4.420565	3.638432	4.830327	4.229251	4.895523	0.851168	0.924116	1.15784	0.906361	1.380507	15.800456	13.451427	16.406634	15.035349	19.780453	4.905419	5.236888	6.051522	5.069345	8.353785
ERCC-00019	29.296875	7.32421875	11.480733	9.412335	9.994619	10.612816	12.066414	3.739829	4.344366	5.084913	3.505073	4.300321	DQ883651	11.39	9.31	10.21	10.56	12.21	3.81	4.39	5.06	3.53	4.21	2.705779	2.158061	2.535907	2.527857	2.404333	0.538974	0.598527	0.809633	0.50335	0.603874	2.810238	2.242848	2.624556	2.662609	2.572544	0.575118	0.6699	0.854937	0.537562	0.629537	11.764804	9.668512	10.321409	10.827102	12.297342	3.840826	4.530278	5.208213	3.643399	4.576217
ERCC-00144	29.296875	7.32421875	12.337708	10.51099	11.512414	11.535528	10.786975	4.13715	3.254886	4.5009	4.515681	5.545747	DQ854995	12.06	10.38	11.36	11.55	10.39	4.06	3.12	4.18	4.31	5.71	2.754853	2.204178	2.681682	2.544777	1.999809	0.564855	0.409591	0.629995	0.59962	0.682471	2.872161	2.299888	2.718639	2.64471	2.03599	0.575473	0.432205	0.653113	0.634233	0.776276	12.732675	10.713185	11.854798	11.910536	11.016091	4.315458	3.287206	4.317612	4.526901	5.805626
ERCC-00170	14.6484375	3.66210938	2.772785	2.042558	2.933025	2.711454	3.099822	0.918482	1.157014	0.862158	0.823416	1.055414	DQ516773	2.69	2.06	3.0	2.64	3.15	0.87	1.14	0.88	0.84	1.01	0.760913	0.53167	0.813265	0.736111	0.760131	0.147097	0.184111	0.159486	0.136933	0.165426	0.783929	0.558513	0.857638	0.765641	0.77613	0.157507	0.202477	0.168996	0.148706	0.165523	2.781354	2.066139	2.968515	2.693833	3.14689	0.897867	1.156742	0.861427	0.824081	1.138848
ERCC-00154	7.32421875	1.83105469	3.572546	2.883401	2.720393	2.421731	3.119001	0.849605	0.681964	0.752196	1.219074	1.732092	DQ854997	3.54	2.87	2.81	2.43	3.08	0.87	0.7	0.72	1.12	1.78	0.780295	0.588575	0.658655	0.503272	0.582654	0.123957	0.0791	0.104353	0.16144	0.211564	0.832834	0.625227	0.672562	0.540375	0.606569	0.123274	0.088935	0.108601	0.168856	0.247413	3.6711	2.898253	2.906337	2.479796	3.235977	0.883889	0.708014	0.780291	1.207174	1.903484
ERCC-00085	7.32421875	1.83105469	1.486286	1.386334	2.014365	1.445789	1.788066	1.103311	1.197207	1.118679	1.168707	1.485184	DQ883669	1.51	1.4	2.08	1.49	1.78	1.07	1.19	1.14	1.19	1.38	0.375463	0.331592	0.570134	0.360425	0.402519	0.173226	0.181298	0.187466	0.187188	0.224219	0.408227	0.362244	0.585168	0.389033	0.410919	0.17708	0.201911	0.198114	0.1925	0.242226	1.526989	1.371231	2.072909	1.436248	1.760906	1.113362	1.232764	1.181016	1.178548	1.553575
ERCC-00028	3.66210938	0.91552734	0.787843	0.611579	0.878688	0.641006	0.95039	0.116752	0.168275	0.229792	0.199515	0.381939	DQ459419	0.76	0.59	0.88	0.63	0.93	0.12	0.15	0.21	0.2	0.36	0.224348	0.166376	0.264689	0.17003	0.221654	0.016779	0.025239	0.040423	0.032284	0.062196	0.219164	0.169803	0.257127	0.176711	0.233403	0.020112	0.028702	0.041295	0.035223	0.065505	0.787813	0.610199	0.848661	0.624552	0.944503	0.11654	0.167708	0.20981	0.199045	0.382495
ERCC-00033	1.83105469	0.45776367	0.054865	0.059532	0.073638	0.079646	0.180696	0.010142	0.019405	0.019843	0.045944	0.053931	DQ516796	0.06	0.05	0.08	0.07	0.17	0.01	0.01	0.02	0.05	0.06	0.015002	0.01524	0.022492	0.022772	0.04598	0.001355	0.003246	0.00333	0.008548	0.009391	0.017446	0.017217	0.023661	0.025685	0.049322	0.002	0.001794	0.004328	0.008851	0.010269	0.054149	0.058598	0.072521	0.078247	0.177174	0.009988	0.009544	0.029266	0.045237	0.053303
ERCC-00134	1.83105469	0.45776367	0.968885	0.806373	0.471349	0.46527	1.116385	0.0	0.474308	0.331146	0.0	0.302287	DQ516739	0.73	0.87	0.25	0.38	0.98	0.0	0.34	0.35	0.0	0.33	0.119937	0.098556	0.081794	0.055744	0.107199	0.0	0.037203	0.033216	0.0	0.021909	0.114071	0.112588	0.072143	0.051686	0.129742	0.0	0.039575	0.032102	0.0	0.025219	0.995392	0.974423	0.566097	0.420623	1.347789	0.0	0.569742	0.399067	0.0	0.366298
ERCC-00147	0.91552734	0.22888184	0.157321	0.279508	0.223165	0.141058	0.169081	0.109343	0.021037	0.150878	0.074856	0.117268	DQ516790	0.16	0.27	0.23	0.15	0.18	0.09	0.02	0.15	0.08	0.12	0.046138	0.072458	0.069685	0.042126	0.042449	0.016091	0.004008	0.028908	0.014291	0.017684	0.045643	0.076206	0.068975	0.039965	0.043232	0.019378	0.003792	0.029891	0.01355	0.018047	0.177533	0.27979	0.255356	0.140956	0.168583	0.109496	0.021032	0.15075	0.074916	0.117812
ERCC-00097	0.45776367	0.11444092	0.092704	0.206654	0.152788	0.187775	0.276184	0.155689	0.101253	0.0	0.0	0.094794	DQ516758	0.1	0.21	0.16	0.19	0.29	0.16	0.1	0.0	0.0	0.1	0.022303	0.044067	0.026441	0.035003	0.062214	0.020906	0.013579	0.0	0.0	0.012962	0.02267	0.047141	0.038274	0.045101	0.056211	0.022397	0.014873	0.0	0.0	0.013346	0.145489	0.216379	0.159831	0.196314	0.288232	0.162875	0.105715	0.0	0.0	0.099537
ERCC-00156	0.45776367	0.11444092	0.352151	0.056229	0.16621	0.32683	0.301394	0.0	0.110224	0.0	0.131489	0.0	DQ883643	0.36	0.06	0.17	0.34	0.31	0.0	0.11	0.0	0.13	0.0	0.081802	0.011868	0.033543	0.068427	0.053137	0.0	0.010839	0.0	0.016895	0.0	0.078538	0.010032	0.040623	0.075606	0.058696	0.0	0.01555	0.0	0.018754	0.0	0.369539	0.059074	0.174429	0.342862	0.315629	0.0	0.115444	0.0	0.137943	0.0
ERCC-00123	0.22888184	0.05722046	0.059063	0.064577	0.0	0.078457	0.0	0.065682	0.021061	0.043159	0.0	0.156542	DQ516782	0.06	0.07	0.0	0.08	0.0	0.04	0.02	0.04	0.0	0.16	0.014064	0.016707	0.0	0.023901	0.0	0.010746	0.002959	0.009219	0.0	0.025334	0.017258	0.01785	0.0	0.021374	0.0	0.007504	0.003815	0.008521	0.0	0.027421	0.059248	0.064645	0.0	0.078403	0.0	0.065776	0.021057	0.043123	0.0	0.157273
ERCC-00017	0.11444092	0.02861023	0.017401	0.037987	0.0	0.013849	0.0	0.0	0.0	0.0	0.0	0.0	DQ459420	0.02	0.04	0.0	0.01	0.0	0.0	0.0	0.0	0.0	0.0	0.005913	0.01187	0.0	0.003919	0.0	0.0	0.0	0.0	0.0	0.0	0.004805	0.01077	0.0	0.003319	0.0	0.0	0.0	0.0	0.0	0.0	0.017379	0.037855	0.0	0.013776	0.0	0.0	0.0	0.0	0.0	0.0
ERCC-00083	0.02861023	0.00715256	0.0	0.021526	0.0	0.0	0.0	0.0	0.0	0.0	0.0	0.0	DQ516780	0.0	0.02	0.0	0.0	0.0	0.0	0.0	0.0	0.0	0.0	0.0	0.004625	0.0	0.0	0.0	0.0	0.0	0.0	0.0	0.0	0.0	0.006061	0.0	0.0	0.0	0.0	0.0	0.0	0.0	0.0	0.0	0.021522	0.0	0.0	0.0	0.0	0.0	0.0	0.0	0.0
ERCC-00096	15000.0	15000.0	1827.186998	1852.292397	2024.984499	1868.240485	2152.303724	2694.358534	2772.812362	2999.184555	2813.29597	3965.359702	DQ459429	1808.96	1841.0	2027.37	1855.63	2146.79	2643.99	2716.82	2943.13	2769.76	3947.58	492.224152	485.684265	577.225098	504.22644	509.519012	445.842407	455.180847	536.330383	474.909729	646.604126	512.451782	502.813721	598.630432	527.525818	526.306152	464.385742	479.919861	570.722534	499.497528	669.772461	1829.377613	1845.049246	2027.184965	1856.809181	2137.04452	2684.569605	2756.979064	2982.353393	2807.388175	3964.451948
ERCC-00171	3750.0	3750.0	2460.115859	2219.718718	2310.389771	2471.032831	2195.069523	3150.143224	3278.462506	3344.90063	3348.664703	3436.419802	DQ854994	2477.26	2195.75	2298.54	2447.62	2180.08	3085.18	3206.32	3281.33	3332.43	3396.43	546.776306	456.775391	517.652832	526.137573	396.363953	413.849304	420.514252	463.817444	444.025818	432.641632	562.672607	472.024353	537.280762	548.087097	413.15976	431.817169	444.489471	496.742188	469.268402	451.544312	2600.573627	2304.664605	2401.683839	2559.306032	2277.090191	3270.041245	3394.724207	3469.172951	3533.029596	3585.851504
ERCC-00009	937.5	937.5	215.32708	197.01341	209.308812	198.590198	205.420595	268.984732	292.049779	299.733929	303.059598	342.197458	DQ668364	216.04	198.32	212.16	199.4	207.25	267.95	290.26	298.53	301.9	345.16	58.256149	51.514317	59.400795	53.902885	48.138557	44.188377	47.608757	53.074623	50.589439	54.975056	59.388451	52.372822	60.838108	55.006233	49.186314	45.663525	49.700401	56.018112	52.626396	56.757275	216.362461	197.381256	210.85759	198.69485	205.226931	269.944163	292.444849	300.446628	303.617104	344.109326
ERCC-00042	468.75	468.75	140.605773	108.406061	123.984072	116.279043	148.87599	169.328684	174.014848	190.235241	182.473981	236.72535	DQ516783	139.01	107.22	122.28	114.07	146.56	165.18	169.07	184.27	177.0	231.03	38.728138	28.613716	35.731972	32.06567	35.422062	28.176426	28.552643	34.251686	30.752983	38.987213	39.82869	29.635328	36.86591	33.094955	36.50565	29.332657	30.248857	36.440296	32.350563	39.993309	141.474241	108.837042	124.869164	116.508706	148.284069	169.653012	173.707809	190.460067	182.131309	237.54783
ERCC-00060	234.375	234.375	182.441839	144.916136	200.686919	179.399857	202.373955	222.634993	212.377484	268.081151	239.719885	314.146757	DQ516763	178.23	140.67	196.74	176.34	197.79	215.16	204.72	259.0	230.5	306.77	40.383793	29.917582	46.570263	39.17968	37.426292	29.53467	27.709196	38.181747	31.895079	40.262608	42.584389	32.179592	48.577087	41.652191	39.796509	31.741745	29.944347	41.531857	34.350765	42.769726	191.489084	151.73577	211.536327	187.682407	211.490157	232.69399	221.896556	281.185878	250.759432	329.177038
ERCC-00035	117.1875	117.1875	15.301656	15.671707	16.695066	16.150552	17.782296	21.71582	23.745428	24.511134	22.05745	33.957869	DQ459413	15.38	15.68	16.75	16.15	17.77	21.24	23.38	23.84	21.74	33.42	4.131544	4.180538	4.760401	4.441744	4.321258	3.604265	3.924943	4.46874	3.712375	5.550172	4.325508	4.251713	4.930059	4.570572	4.386477	3.742851	4.122871	4.678731	3.900355	5.694502	15.388613	15.598219	16.718626	16.11345	17.812156	21.657126	23.64682	24.508041	21.917013	33.868216
ERCC-00025	58.59375	58.59375	4.55814	4.321789	5.128891	4.726968	5.727295	5.601184	6.206216	6.397045	6.297672	9.327365	DQ883689	4.51	4.27	5.13	4.66	5.69	5.51	6.09	6.29	6.07	9.22	1.351953	1.212716	1.611165	1.402887	1.499525	1.011953	1.106701	1.248208	1.151197	1.661761	1.369046	1.243346	1.635556	1.429511	1.515719	1.04241	1.153171	1.326934	1.193373	1.707655	4.527005	4.229709	5.101855	4.664399	5.597248	5.543989	6.112866	6.327705	6.197266	9.23076
ERCC-00051	58.59375	58.59375	22.976408	19.030402	17.675602	22.449279	21.211319	25.503155	24.347789	30.962187	28.749767	45.040755	DQ516740	23.02	19.21	18.16	22.88	22.05	25.92	24.61	32.13	28.8	45.18	3.120342	2.371231	2.339832	2.90906	2.200664	2.05252	1.834302	2.547627	2.214201	3.299637	3.439374	2.62513	2.634418	3.195359	2.456541	2.326168	2.090616	2.931437	2.507673	3.687325	27.295083	22.977977	21.038103	26.675064	25.101196	30.605158	28.60109	37.555319	34.910079	53.709691
ERCC-00053	29.296875	29.296875	5.309589	5.052643	5.579124	5.673678	7.439572	6.62619	6.100617	7.220576	7.61036	12.86041	DQ516785	5.27	4.88	5.35	5.42	7.12	6.4	5.73	6.88	7.36	12.34	1.485608	1.342391	1.647272	1.557698	1.800123	1.105459	0.984634	1.303521	1.307244	2.069098	1.511027	1.400778	1.66196	1.614229	1.829939	1.145577	1.053362	1.387873	1.373045	2.185914	5.426289	5.122303	5.585916	5.685242	7.41767	6.635617	6.015061	7.171377	7.716393	12.841492
ERCC-00148	14.6484375	14.6484375	8.401306	8.659219	9.640173	8.375023	7.534839	10.994008	13.061553	12.891568	10.979343	13.740542	DQ883642	8.44	8.47	9.87	8.28	7.39	10.69	12.54	12.85	10.79	13.5	1.754986	1.770633	2.045642	1.742778	1.328935	1.388965	1.607061	1.709628	1.403776	1.687645	1.893767	1.831544	2.25602	1.853606	1.389363	1.485716	1.708101	1.901324	1.496157	1.774199	8.868947	9.2155	10.02967	8.87155	7.811813	11.302306	13.218345	13.49143	11.242349	14.366649
ERCC-00126	14.6484375	14.6484375	0.177257	0.329001	0.258316	0.437423	0.202638	0.551659	0.3976	0.465407	0.291839	0.808734	DQ459427	0.16	0.34	0.27	0.42	0.21	0.56	0.39	0.43	0.3	0.83	0.041798	0.091602	0.064297	0.120767	0.045637	0.091308	0.06186	0.084869	0.050427	0.123535	0.048616	0.091007	0.076006	0.11898	0.048498	0.096464	0.066818	0.088416	0.054042	0.138254	0.21209	0.327307	0.257058	0.420393	0.200791	0.549075	0.376292	0.442953	0.312632	0.807543
ERCC-00034	7.32421875	7.32421875	4.26733	3.974683	4.03579	3.952389	4.190525	5.953961	5.769984	7.514499	6.618397	7.22643	DQ855001	4.23	4.03	3.98	3.97	4.22	5.93	5.76	7.4	6.52	7.13	1.124463	1.021524	1.156248	1.06786	0.991809	0.997899	0.930523	1.322918	1.101401	1.202681	1.200007	1.076911	1.178311	1.103448	1.013322	1.006228	0.988718	1.399768	1.151117	1.197595	4.261262	4.022492	3.977102	3.950086	4.150527	5.919088	5.748264	7.491159	6.499161	7.221432
ERCC-00150	3.66210938	3.66210938	0.116097	0.383375	0.425962	0.209401	0.168646	0.485298	0.281484	0.54572	0.371626	0.233072	DQ883659	0.09	0.36	0.44	0.22	0.13	0.46	0.29	0.52	0.38	0.24	0.030523	0.097989	0.101642	0.049165	0.045099	0.069828	0.041671	0.091753	0.053666	0.026877	0.028913	0.089501	0.11504	0.056072	0.039173	0.079555	0.045689	0.088625	0.062314	0.03706	0.118053	0.389338	0.432522	0.235907	0.170608	0.492882	0.31705	0.552805	0.377165	0.237463
ERCC-00067	3.66210938	3.66210938	0.593229	0.501477	0.285561	0.645753	1.124835	0.506435	0.604434	0.659874	0.494305	1.480438	DQ883653	0.61	0.48	0.3	0.64	1.16	0.48	0.62	0.67	0.41	1.52	0.135424	0.113109	0.068861	0.146451	0.234929	0.074144	0.084917	0.096551	0.068563	0.211289	0.148881	0.124661	0.073201	0.165572	0.247408	0.076488	0.094641	0.103198	0.072804	0.224622	0.608451	0.513989	0.292577	0.660839	1.148635	0.518983	0.618158	0.674374	0.552197	1.522002
ERCC-00031	1.83105469	1.83105469	0.399399	0.398042	0.477898	0.290226	0.471232	0.598288	0.389403	0.512755	0.549623	0.92972	DQ459431	0.39	0.41	0.49	0.29	0.49	0.59	0.36	0.46	0.47	0.92	0.109767	0.108764	0.143461	0.083733	0.113589	0.106512	0.066009	0.089685	0.090352	0.148601	0.109345	0.110746	0.147449	0.082744	0.119452	0.104605	0.065831	0.096356	0.09017	0.159284	0.381941	0.397059	0.504903	0.288998	0.468212	0.597076	0.406488	0.491712	0.504357	0.93088
ERCC-00109	0.91552734	0.91552734	0.537286	0.249241	0.442332	0.616123	0.532374	0.450982	0.537281	0.502836	0.523888	0.731304	DQ854998	0.55	0.26	0.46	0.64	0.55	0.46	0.55	0.51	0.42	0.56	0.12397	0.05585	0.094968	0.140456	0.107946	0.065771	0.066458	0.073763	0.073436	0.099503	0.128178	0.05819	0.098127	0.145694	0.106076	0.065263	0.074191	0.077653	0.060737	0.099553	0.559193	0.259521	0.460215	0.640575	0.552445	0.469267	0.557903	0.57388	0.423742	0.763625
ERCC-00073	0.91552734	0.91552734	0.457038	0.506394	0.49965	0.614074	0.616715	0.425525	0.537346	0.637448	0.54118	1.08088	DQ668358	0.47	0.48	0.52	0.6	0.58	0.43	0.55	0.65	0.55	1.11	0.107201	0.099654	0.13038	0.151241	0.120307	0.065158	0.073118	0.100907	0.075323	0.150076	0.108144	0.100829	0.131956	0.150217	0.130597	0.065384	0.081807	0.106885	0.080866	0.155686	0.470972	0.478181	0.514446	0.631625	0.633002	0.438213	0.552223	0.654627	0.556928	1.116767
ERCC-00158	0.45776367	0.45776367	0.11745	0.107003	0.0	0.093602	0.084142	0.043536	0.125632	0.085813	0.074506	0.194532	DQ516795	0.1	0.11	0.0	0.08	0.09	0.04	0.13	0.09	0.08	0.16	0.030979	0.023833	0.0	0.024841	0.019313	0.008915	0.020767	0.013545	0.012688	0.028073	0.032606	0.030189	0.0	0.022188	0.021353	0.007779	0.022741	0.017087	0.013726	0.034083	0.117659	0.106968	0.0	0.077842	0.083781	0.043539	0.125436	0.085626	0.074467	0.195173
ERCC-00104	0.22888184	0.22888184	0.027433	0.0	0.0	0.007241	0.012907	0.010142	0.0	0.0	0.0	0.017977	DQ516815	0.03	0.0	0.0	0.01	0.01	0.01	0.0	0.0	0.0	0.02	0.007983	0.0	0.0	0.002766	0.003089	0.001842	0.001086	0.0	0.0	0.002504	0.008738	0.0	0.0	0.002342	0.003639	0.001981	0.0	0.0	0.0	0.00214	0.026755	0.0	0.0	0.007029	0.012504	0.00987	0.009431	0.0	0.0	0.017556
ERCC-00142	0.22888184	0.22888184	0.0	0.112801	0.0	0.0	0.151172	0.113095	0.0	0.28483	0.0	0.0	DQ883646	0.0	0.12	0.0	0.0	0.16	0.12	0.0	0.23	0.0	0.0	0.0	0.024898	0.0	0.0	0.027992	0.015354	0.0	0.039873	0.0	0.0	0.0	0.025256	0.0	0.0	0.027848	0.016206	0.0	0.03524	0.0	0.0	0.0	0.118147	0.0	0.0	0.157814	0.118349	0.0	0.237734	0.0	0.0
ERCC-00138	0.11444092	0.11444092	0.0	0.021476	0.063687	0.0	0.084441	0.0	0.021012	0.021529	0.024923	0.078087	DQ516777	0.0	0.02	0.07	0.0	0.09	0.0	0.02	0.02	0.03	0.08	0.0	0.004652	0.016764	0.0	0.016485	0.0	0.002757	0.00342	0.003891	0.010369	0.0	0.00611	0.019646	0.0	0.018162	0.0	0.003808	0.004242	0.004627	0.013735	0.0	0.021522	0.063839	0.0	0.084292	0.0	0.021032	0.021536	0.024972	0.078541
ERCC-00117	0.05722046	0.05722046	0.0	0.0	0.02817	0.0	0.0	0.0	0.055744	0.01903	0.02203	0.069011	DQ459412	0.0	0.0	0.03	0.0	0.0	0.0	0.06	0.02	0.02	0.07	0.0	0.0	0.005877	0.0	0.0	0.0	0.009072	0.002909	0.003816	0.013337	0.0	0.0	0.008899	0.0	0.0	0.0	0.009545	0.003881	0.00415	0.01235	0.0	0.0	0.028109	0.0	0.0	0.0	0.055548	0.018952	0.021975	0.069101
ERCC-00075	0.01430512	0.01430512	0.0	0.0	0.031881	0.0	0.0	0.021869	0.0	0.0	0.0	0.039089	DQ516778	0.0	0.0	0.03	0.0	0.0	0.02	0.0	0.0	0.0	0.04	0.0	0.0	0.008856	0.0	0.0	0.003758	0.0	0.0	0.0	0.007984	0.0	0.0	0.009637	0.0	0.0	0.003934	0.0	0.0	0.0	0.006823	0.0	0.0	0.03192	0.0	0.0	0.021899	0.0	0.0	0.0	0.039271
ERCC-00074	15000.0	22500.0	5451.334548	4427.044063	5640.927765	4975.875642	7082.043419	9850.721311	9944.979291	11996.821756	10305.440484	18626.194843	DQ516754	5414.21	4394.25	5611.64	4949.53	7004.43	9826.41	9770.84	11754.17	10193.82	18345.67	1217.073853	926.730713	1311.978638	1096.478027	1317.436401	1344.08667	1309.58667	1723.80481	1403.32666	2407.842529	1283.790283	986.796265	1373.659302	1159.09082	1396.998535	1434.953491	1421.142212	1865.68042	1503.197632	2557.025146	5716.353969	4638.53143	5939.448168	5202.170312	7384.086807	10467.949644	10411.553249	12531.684597	10859.839654	19541.045132
ERCC-00113	3750.0	5625.0	946.310692	947.870127	1058.137196	898.752784	1120.734331	2105.9141	2234.19547	2406.442346	2254.471158	2894.784033	DQ883663	940.61	946.36	1061.53	900.7	1119.54	2075.17	2204.59	2375.56	2218.76	2884.71	240.248444	233.117813	282.480835	228.425934	247.765884	327.007782	344.793488	403.165405	354.942078	443.426178	252.247604	242.82251	295.684784	241.020752	256.995483	343.71698	365.52182	431.781708	375.299744	460.097992	955.237614	952.514628	1067.283371	906.242962	1122.112711	2113.316758	2245.231483	2414.154598	2260.195081	2917.693735
ERCC-00145	937.5	1406.25	184.800452	157.711259	178.093804	177.377972	167.206091	349.64364	354.17115	396.776631	386.228425	389.235826	DQ875386	180.75	155.14	175.52	173.18	163.43	339.45	342.94	383.36	372.26	381.18	49.887108	40.955334	50.606907	47.898342	39.195267	57.554272	57.313389	70.214195	64.324028	62.76239	50.588264	41.865318	51.328529	48.672661	39.814323	58.898022	59.933941	73.739914	66.590424	64.159149	186.171955	158.496303	179.619126	177.255042	166.923328	349.993171	353.912251	396.930359	385.477096	392.299628
ERCC-00111	468.75	703.125	108.638958	94.022162	111.459025	96.985908	122.446716	208.990082	220.316518	239.19453	221.369281	333.82395	DQ883685	108.48	94.06	112.35	97.4	122.4	205.99	217.25	236.23	217.47	334.37	29.267899	24.432877	31.56739	26.00375	28.425323	34.046814	35.660049	42.200939	36.754223	53.564651	30.162905	25.190195	32.675678	27.159796	29.382267	35.511562	37.716278	45.062218	38.593788	55.639462	109.205862	94.015845	112.239985	97.132732	121.573646	208.511065	219.920447	238.671876	220.709943	334.40944
ERCC-00076	234.375	351.5625	78.872912	74.918346	86.428941	81.029424	80.97825	175.012522	180.159788	187.770703	183.127652	190.656761	DQ883650	78.16	74.64	85.25	79.65	81.14	171.19	176.23	182.91	178.21	189.72	18.817202	16.945354	21.460346	19.099894	16.374893	25.210148	25.608522	29.015051	26.463257	26.736639	19.479559	17.761169	22.151278	19.722033	17.00481	26.332394	27.007845	30.849009	27.848625	27.869974	80.769982	76.804713	88.278349	82.126989	82.553272	177.945245	183.203994	190.533104	184.786205	195.325465
ERCC-00044	117.1875	175.78125	5.371693	5.527004	5.050966	4.817075	5.453242	9.911446	11.287248	12.416842	11.007432	15.752642	DQ459424	5.32	5.49	5.0	4.88	5.45	9.79	11.11	12.26	10.81	15.62	1.44358	1.500282	1.443416	1.29071	1.282122	1.649055	1.869175	2.231119	1.867727	2.575727	1.520883	1.497796	1.502437	1.366724	1.31489	1.706679	1.960745	2.372486	1.923297	2.650364	5.487446	5.512169	5.186665	4.900733	5.495175	9.799852	11.276429	12.358283	11.11167	15.850882
ERCC-00162	58.59375	87.890625	24.612961	18.85718	23.75852	21.331195	29.965983	50.806447	47.841889	54.429545	46.893845	74.602745	DQ516750	23.72	18.49	22.89	20.64	28.88	48.82	46.29	52.16	44.92	73.35	5.570507	3.973616	5.667512	4.745858	5.619884	6.930674	6.38892	7.816612	6.345112	9.938572	5.771929	4.201132	5.731919	4.972724	5.925022	7.254792	6.798751	8.341361	6.764611	10.306849	25.870247	19.577357	25.177956	22.156409	31.391913	52.712942	50.168971	56.663439	48.825608	78.394426
ERCC-00071	58.59375	87.890625	16.923863	14.952679	16.861386	14.97099	15.918362	31.450619	31.790672	35.121736	35.154372	46.584534	DQ883654	16.85	14.9	16.78	14.85	15.6	30.82	30.81	34.52	34.79	45.64	4.06158	3.440768	4.197805	3.601698	3.225493	4.570811	4.544617	5.441558	5.232023	6.566752	4.23706	3.539314	4.351192	3.734193	3.356744	4.809272	4.772771	5.809402	5.405408	6.742851	17.361772	15.448311	17.397065	15.295338	16.468696	32.357326	31.976296	35.82159	36.006892	47.75755
ERCC-00084	29.296875	43.9453125	6.896743	5.630203	7.094047	6.180236	7.90826	13.169362	13.369672	14.257958	13.716113	19.262965	DQ883682	6.79	5.63	7.17	6.2	7.61	12.99	13.22	14.08	13.55	19.2	1.774148	1.443705	1.982024	1.645408	1.848141	2.132301	2.134209	2.458393	2.265273	3.02	1.881421	1.50702	2.049577	1.712844	1.869294	2.214799	2.260963	2.650261	2.365918	3.16254	6.884096	5.731042	7.176129	6.1986	7.864186	13.087987	13.24926	14.304756	13.663474	19.331278
ERCC-00099	14.6484375	21.9726563	4.571258	3.640543	3.808407	4.289302	3.778096	7.916158	7.502307	9.626196	8.384915	8.301133	DQ875387	4.5	3.55	3.61	4.16	3.79	7.28	7.07	9.19	7.97	8.07	1.296267	0.990717	1.134133	1.219215	0.941604	1.37023	1.276481	1.815678	1.482301	1.395643	1.334761	1.036998	1.180327	1.264054	0.982285	1.412536	1.359655	1.911299	1.557646	1.461778	4.600406	3.621047	3.743502	4.303625	3.76329	7.818028	7.455214	9.467836	8.358425	8.316872
ERCC-00054	14.6484375	21.9726563	11.90344	9.999025	9.898337	10.003306	12.280237	17.789237	16.91697	22.186808	19.166511	22.973808	DQ516731	11.65	9.52	9.59	9.38	13.47	17.66	15.84	22.25	19.2	24.05	1.675561	1.241914	1.284776	1.260085	1.300406	1.408778	1.282392	1.770521	1.49464	1.705634	1.699925	1.323021	1.392823	1.337312	1.44827	1.602177	1.397803	1.98472	1.608095	1.881491	13.893731	12.195864	10.853934	12.02793	14.967748	21.415524	19.552757	25.783615	22.707139	28.471339
ERCC-00157	7.32421875	10.9863281	2.133665	1.857732	2.210075	2.25176	2.321777	3.954661	3.931198	4.309468	5.089146	5.930385	DQ839618	2.1	1.83	2.25	2.2	2.37	3.96	3.84	4.22	4.94	5.91	0.544458	0.475182	0.623662	0.597709	0.541875	0.656328	0.634464	0.738018	0.837636	0.934252	0.569158	0.476175	0.64109	0.604136	0.543164	0.678345	0.661918	0.785281	0.876912	0.957549	2.18018	1.838236	2.148918	2.187498	2.31526	4.004736	3.888532	4.219816	5.068843	5.919206
ERCC-00143	3.66210938	5.49316406	1.329528	1.133373	1.104835	0.89074	1.336392	2.4487	2.598369	3.1752	2.73953	2.337586	DQ668362	1.34	1.14	1.14	0.9	1.26	2.4	2.62	3.11	2.76	2.19	0.336624	0.264946	0.280388	0.237901	0.276843	0.387342	0.420979	0.534939	0.439359	0.370506	0.354907	0.285749	0.31488	0.240151	0.28621	0.390459	0.413597	0.563408	0.454104	0.359763	1.322861	1.149573	1.165343	0.923985	1.310538	2.453301	2.631009	3.152216	2.777127	2.323517
ERCC-00039	3.66210938	5.49316406	0.846014	1.25249	1.189403	0.841976	0.805349	1.463411	1.792078	2.097571	2.129433	2.401612	DQ883656	0.87	1.26	1.23	0.87	0.83	1.49	1.8	2.07	2.02	2.35	0.199109	0.285849	0.31631	0.197645	0.16761	0.228032	0.274321	0.339868	0.336105	0.351533	0.213962	0.295039	0.332047	0.221567	0.182412	0.238118	0.288614	0.369712	0.333024	0.356536	0.860456	1.272266	1.256312	0.853898	0.81491	1.519654	1.848941	2.157975	2.085812	2.507102
ERCC-00058	1.83105469	2.74658203	0.400213	0.170942	0.309865	0.415463	0.372802	0.483478	0.464533	0.647029	0.528731	0.93165	DQ459418	0.39	0.16	0.26	0.43	0.33	0.49	0.47	0.66	0.49	0.96	0.114029	0.042221	0.095127	0.114984	0.083475	0.086879	0.075651	0.121216	0.083235	0.151631	0.10853	0.048177	0.084625	0.121098	0.083406	0.086916	0.076893	0.126056	0.089792	0.163681	0.382739	0.170528	0.281094	0.413727	0.370433	0.482524	0.462897	0.663326	0.527403	0.93286
ERCC-00120	0.91552734	1.37329102	0.268643	0.299089	0.073722	0.326183	0.133094	0.701528	0.195375	0.402269	0.232839	0.731304	DQ854992	0.28	0.31	0.08	0.34	0.14	0.71	0.2	0.41	0.24	0.75	0.05545	0.057764	0.019683	0.068775	0.021258	0.103655	0.022236	0.065802	0.033755	0.094856	0.058477	0.069689	0.01886	0.070165	0.027527	0.101164	0.028518	0.064582	0.030543	0.101702	0.279597	0.311425	0.076702	0.339128	0.138111	0.729971	0.202874	0.417367	0.302673	0.763625
ERCC-00040	0.91552734	1.37329102	0.144874	0.159463	0.094495	0.325173	0.252521	0.61366	0.530769	0.544768	0.630662	0.348997	DQ883661	0.15	0.16	0.1	0.34	0.17	0.63	0.54	0.56	0.64	0.36	0.041161	0.046441	0.029562	0.08683	0.051958	0.084915	0.087656	0.098458	0.095679	0.058237	0.039249	0.041214	0.026905	0.085167	0.048027	0.09495	0.084685	0.095488	0.105451	0.054882	0.147305	0.16193	0.095943	0.329674	0.25544	0.623204	0.53801	0.5518	0.640014	0.355544
ERCC-00164	0.45776367	0.68664551	0.0	0.043052	0.031918	0.047074	0.084641	0.10947	0.105306	0.172634	0.199851	0.313083	DQ516779	0.0	0.02	0.03	0.05	0.06	0.09	0.11	0.18	0.2	0.32	0.0	0.009967	0.007349	0.012631	0.014866	0.020668	0.02168	0.029105	0.035828	0.055822	0.0	0.010637	0.009842	0.013696	0.018234	0.019593	0.019113	0.033678	0.035044	0.053339	0.0	0.043045	0.03192	0.046985	0.084292	0.109496	0.105158	0.172285	0.199777	0.314165
ERCC-00024	0.22888184	0.34332275	0.089548	0.049848	0.073722	0.108728	0.133094	0.250546	0.586125	0.452552	0.11642	0.091413	DQ854993	0.09	0.05	0.08	0.04	0.14	0.26	0.6	0.46	0.12	0.09	0.017315	0.010664	0.018237	0.02071	0.026297	0.030442	0.080502	0.066769	0.017781	0.009447	0.022011	0.011615	0.01886	0.017014	0.027527	0.035639	0.085736	0.068572	0.017372	0.012957	0.09346	0.052055	0.076924	0.03779	0.138524	0.261444	0.610385	0.470909	0.121423	0.095734
ERCC-00016	0.22888184	0.34332275	0.024771	0.027183	0.0	0.019805	0.035761	0.193079	0.053209	0.081855	0.031587	0.198025	DQ883664	0.03	0.03	0.0	0.02	0.04	0.2	0.05	0.08	0.03	0.2	0.00552	0.008509	0.0	0.004615	0.0084	0.033854	0.007273	0.01356	0.004083	0.031596	0.00692	0.007193	0.0	0.00564	0.008719	0.033072	0.009102	0.015309	0.003668	0.033328	0.025033	0.027425	0.0	0.019948	0.035937	0.194838	0.053598	0.082396	0.031853	0.200461
ERCC-00012	0.11444092	0.17166138	0.020344	0.0	0.0	0.032442	0.029182	0.045256	0.130648	0.111565	0.0	0.040468	DQ883670	0.02	0.0	0.0	0.03	0.03	0.02	0.13	0.11	0.0	0.04	0.005668	0.0	0.0	0.009908	0.008534	0.006745	0.02069	0.019602	0.0	0.005423	0.005964	0.0	0.0	0.009554	0.007403	0.003989	0.023516	0.021892	0.0	0.006987	0.020428	0.0	0.0	0.032453	0.029127	0.022683	0.130749	0.111582	0.0	0.040697
ERCC-00098	0.05722046	0.08583069	0.069109	0.018857	0.0	0.054999	0.024673	0.057605	0.073792	0.113359	0.0	0.137027	DQ459415	0.07	0.02	0.0	0.06	0.03	0.06	0.08	0.12	0.0	0.14	0.01624	0.006027	0.0	0.014604	0.005317	0.010996	0.011016	0.019075	0.0	0.026189	0.018923	0.005447	0.0	0.014101	0.004612	0.010581	0.013458	0.022933	0.0	0.024304	0.069155	0.018828	0.0	0.054816	0.024538	0.05754	0.073596	0.112993	0.0	0.137325
ERCC-00057	0.01430512	0.02145767	0.0	0.0	0.0	0.0	0.0	0.0	0.0	0.0	0.025011	0.0	DQ668366	0.0	0.0	0.0	0.0	0.0	0.0	0.0	0.0	0.03	0.0	0.0	0.0	0.0	0.0	0.0	0.0	0.0	0.0	0.003375	0.0	0.0	0.0	0.0	0.0	0.0	0.0	0.0	0.0	0.00464	0.0	0.0	0.0	0.0	0.0	0.0	0.0	0.0	0.0	0.024942	0.0
ERCC-00002	15000.0	30000.0	3613.001635	3364.189945	3772.219347	3499.418991	4020.444121	9548.259962	10341.303767	11305.245584	10884.311646	13879.393154	DQ459430	3517.95	3266.7	3697.77	3384.69	3899.56	9254.76	9992.14	10819.4	10452.86	13447.51	983.570862	883.878174	1088.821289	949.014038	948.553101	1595.856445	1714.445923	2023.827393	1841.29541	2257.890381	1015.582642	908.948975	1117.547852	981.802185	978.780212	1656.657471	1800.105225	2145.191895	1925.536377	2336.011719	3650.039015	3364.760502	3824.611955	3489.692723	4004.99988	9643.818128	10406.620095	11295.504798	10908.710784	13921.218275
ERCC-00046	3750.0	7500.0	1975.183858	1582.700633	1892.668623	1926.750396	2044.689541	4874.284383	4681.710427	5316.136964	5199.172225	6656.863795	DQ516748	1923.24	1537.8	1837.12	1869.79	1978.13	4678.46	4474.52	5081.35	4969.24	6435.38	441.932465	330.978851	435.322266	422.652893	379.634674	651.1297	611.150269	758.584961	696.936584	857.692871	462.951843	351.81369	459.186218	447.454041	402.628082	695.832947	664.016541	824.044983	748.779297	912.297913	2062.825033	1651.940485	1981.462498	2007.817154	2130.679288	5072.263865	4868.949859	5526.502768	5412.354554	6979.011549
ERCC-00003	937.5	1875.0	262.765642	206.384327	258.871345	243.874094	320.577942	646.611199	639.134323	757.944965	686.654109	1040.090509	DQ516784	259.59	203.84	258.43	242.23	319.26	633.29	624.58	742.36	672.14	1030.54	72.297142	54.07502	74.94458	67.031174	76.633629	107.392044	105.248596	136.820328	116.527748	170.903412	74.259476	56.333622	77.148987	69.515427	78.99839	112.227089	111.652466	145.316315	122.429504	176.708405	265.013674	206.902685	261.381756	243.836573	320.332781	647.771225	638.493319	757.685592	686.873754	1046.827357
ERCC-00043	468.75	937.5	145.482729	108.126553	140.880847	130.18112	153.751165	342.24382	326.740646	394.631434	367.443163	514.338204	DQ516787	142.6	106.91	139.44	128.11	152.37	331.67	316.91	384.19	357.09	507.45	39.750919	28.103214	40.474983	35.683784	36.185204	56.256195	53.14682	70.732323	61.764698	83.512955	41.117306	29.523874	41.802917	36.948315	37.861149	59.216537	56.989441	75.684593	65.267044	87.499535	145.774477	108.192492	140.956603	129.710769	153.354707	341.7575	325.515355	393.928965	365.940311	516.947686
ERCC-00022	234.375	468.75	59.216637	54.261225	55.365787	56.936836	62.274896	152.654253	156.579141	174.691623	166.318224	211.462409	DQ855004	57.12	53.18	53.69	55.78	60.75	146.84	150.33	169.32	159.42	205.13	14.98973	13.161469	14.804719	14.295594	13.553243	23.362286	23.679016	28.772205	25.781828	31.707212	15.356931	13.595076	15.026676	14.798277	13.997322	24.238228	24.891087	30.470083	26.937435	32.781109	60.005536	55.423384	56.753694	57.601029	62.948188	153.975827	157.565702	176.600368	168.027557	213.821614
ERCC-00112	117.1875	234.375	10.040126	8.262176	11.014301	10.206549	12.700134	23.72909	24.694569	28.621528	27.009359	46.755024	DQ459422	10.02	8.19	10.82	10.24	12.61	23.38	24.37	28.3	26.79	46.6	2.793411	2.194748	3.179645	2.830262	2.977728	3.996436	4.097068	5.196835	4.545972	7.663386	2.843433	2.205435	3.273106	2.88925	3.081314	4.116591	4.293661	5.456302	4.796568	7.934199	10.12518	8.29905	11.075108	10.260436	12.522294	23.720898	24.655964	28.73147	26.853602	46.815754
ERCC-00165	58.59375	117.1875	15.044493	15.636152	16.327695	14.493892	18.839996	40.597279	44.017155	45.58013	42.334072	55.65163	DQ668363	15.27	15.73	16.49	14.58	19.0	39.92	43.54	45.44	42.32	55.76	3.994414	3.969379	4.480031	3.807476	4.194596	6.464175	6.949561	7.885315	6.822634	8.607336	4.092475	4.062255	4.609072	3.93044	4.353217	6.695815	7.255458	8.311123	7.108949	8.94916	15.34984	15.870935	16.487825	14.805931	18.904278	40.725788	44.378683	45.869099	42.723834	56.110733
ERCC-00079	58.59375	117.1875	35.803136	32.827448	35.923517	35.3199	31.597645	90.301292	96.784915	101.310089	100.748367	94.043086	DQ883652	35.4	32.03	35.72	34.83	30.86	87.42	93.35	98.21	97.51	92.14	8.562186	7.461555	8.850081	8.249729	6.358278	12.978031	13.719669	15.522941	14.560314	13.062469	8.827592	7.721314	9.293135	8.679862	6.540055	13.555421	14.573315	16.722372	15.361268	13.691529	36.29233	33.646513	36.864746	35.771512	31.848503	91.859903	98.481358	103.337905	102.294576	96.031107
ERCC-00078	29.296875	58.59375	9.736212	8.132457	8.622247	8.396435	9.524941	22.428354	24.591639	27.143175	25.396622	32.738323	DQ883673	9.73	8.14	8.68	8.39	9.5	22.31	24.05	26.85	25.07	32.85	2.608932	2.158716	2.444775	2.212206	2.190253	3.654505	3.966379	4.765183	4.180822	5.231595	2.687529	2.179088	2.512417	2.315966	2.281897	3.833695	4.174695	5.059006	4.404977	5.4362	9.776378	8.171896	8.641927	8.383405	9.448963	22.551866	24.436977	27.125891	25.391993	32.924773
ERCC-00163	14.6484375	29.296875	8.705629	8.072225	9.18984	8.6087	7.963353	21.302281	23.919411	26.149784	25.245879	25.920252	DQ668359	8.78	7.87	9.27	8.89	7.82	20.81	23.72	26.09	24.69	26.12	2.057107	1.715512	2.182781	1.940374	1.409064	2.849386	3.181206	3.757108	3.434043	3.404249	2.054403	1.765631	2.277588	1.999877	1.555864	3.001432	3.371999	4.084612	3.630538	3.596078	9.095354	8.139769	9.548974	8.938571	8.252531	21.933392	24.756899	27.200495	26.102429	27.031115
ERCC-00059	14.6484375	29.296875	5.209517	4.82932	5.545839	6.124948	7.620087	14.761345	17.871992	18.922333	15.963387	21.77354	DQ668356	5.13	4.87	5.34	6.21	7.8	14.36	17.67	18.54	15.97	21.92	1.172673	1.023783	1.281683	1.359909	1.429642	2.015924	2.353513	2.717069	2.134279	2.795538	1.183528	1.088833	1.298468	1.410172	1.473085	2.090612	2.482821	2.816617	2.24628	2.968345	5.240372	5.146545	5.861116	6.381781	7.924606	15.445209	18.386852	19.45689	16.51073	22.58686
ERCC-00160	7.32421875	14.6484375	5.34044	4.568553	3.549683	4.792961	4.089658	13.135391	14.136744	15.536961	15.125173	15.207958	DQ883658	5.2	4.58	3.43	4.73	4.19	13.03	13.88	15.38	14.86	15.37	1.34415	1.083645	0.970691	1.227511	0.883004	2.006903	2.121361	2.521703	2.317873	2.279862	1.370856	1.155776	0.979927	1.237327	0.930007	2.107675	2.257031	2.725941	2.442309	2.36219	5.430427	4.704495	3.652406	4.836098	4.1799	13.537835	14.330666	15.608602	15.162033	15.672547
ERCC-00014	3.66210938	7.32421875	0.056844	0.102823	0.030524	0.060026	0.080272	0.178639	0.160878	0.133676	0.178559	0.316737	DQ875385	0.06	0.08	0.03	0.06	0.08	0.16	0.15	0.13	0.16	0.27	0.015482	0.029863	0.015107	0.01851	0.024217	0.029237	0.02902	0.023757	0.029028	0.05244	0.016676	0.031638	0.009743	0.019241	0.021364	0.034092	0.030252	0.025796	0.034133	0.056869	0.056063	0.101141	0.06008	0.058931	0.078652	0.17582	0.168026	0.121239	0.175687	0.294429
ERCC-00077	3.66210938	7.32421875	2.091954	0.975312	3.087694	1.992901	2.701215	5.076615	3.187082	8.01192	5.989496	10.360445	DQ516742	2.06	1.05	3.31	2.14	2.72	5.16	3.23	8.2	6.18	10.5	0.270649	0.117573	0.417455	0.241221	0.287066	0.373488	0.243812	0.647055	0.428111	0.724304	0.311539	0.136599	0.47789	0.287604	0.321318	0.445653	0.272214	0.769661	0.504832	0.814822	2.466423	1.158553	3.646604	2.361855	3.204408	5.820613	3.763269	9.685319	6.890147	12.338713
ERCC-00069	1.83105469	3.66210938	0.347657	0.246661	0.337687	0.30436	0.297931	0.734135	0.983794	1.197666	0.880307	1.895838	DQ459421	0.34	0.22	0.35	0.31	0.28	0.75	0.97	1.14	0.88	1.92	0.095634	0.062937	0.093995	0.085568	0.06618	0.11842	0.162046	0.216512	0.144775	0.312764	0.094032	0.069247	0.096478	0.08578	0.071483	0.132416	0.16375	0.227242	0.156921	0.328548	0.36496	0.246058	0.336957	0.30308	0.29603	0.732668	0.961807	1.19272	0.900024	1.898251
ERCC-00137	0.91552734	1.83105469	0.535882	0.248569	0.220572	0.253017	0.464532	1.24942	1.558775	1.153368	1.393228	0.911628	DQ855000	0.55	0.26	0.15	0.26	0.48	1.12	1.59	1.18	1.42	0.75	0.116812	0.046876	0.054832	0.053519	0.092891	0.167767	0.212854	0.166128	0.184703	0.130421	0.124551	0.054044	0.054983	0.061214	0.092039	0.175066	0.221688	0.185703	0.193009	0.126663	0.557635	0.258773	0.229448	0.263009	0.550805	1.299837	1.618317	1.196447	1.508967	0.951742
ERCC-00013	0.91552734	1.83105469	0.261365	0.229673	0.382892	0.501944	0.491488	0.931612	0.84302	0.980099	1.101256	1.778537	EF011062	0.27	0.24	0.31	0.52	0.47	0.83	0.77	1.0	1.09	1.56	0.06865	0.061219	0.097449	0.134941	0.111407	0.142429	0.141463	0.152656	0.17177	0.263321	0.072244	0.059684	0.111112	0.136894	0.112234	0.149384	0.143542	0.171852	0.176026	0.28295	0.264647	0.232203	0.38709	0.506634	0.494956	0.942035	0.879271	0.988576	1.112801	1.804125
ERCC-00168	0.45776367	0.91552734	0.117855	0.107378	0.063687	0.093929	0.084441	0.240277	0.126072	0.17223	0.348919	0.507565	DQ516776	0.12	0.11	0.07	0.1	0.06	0.24	0.13	0.18	0.36	0.52	0.03375	0.026014	0.022759	0.026436	0.020648	0.042195	0.019931	0.032179	0.058527	0.085304	0.034392	0.028704	0.019548	0.025934	0.021273	0.042648	0.022751	0.0334	0.062301	0.086191	0.118355	0.107611	0.063839	0.093971	0.084292	0.240891	0.12619	0.172285	0.34961	0.510518
ERCC-00041	0.22888184	0.45776367	0.035305	0.019272	0.0	0.042154	0.10089	0.117722	0.150832	0.057931	0.089419	0.2451	EF011069	0.04	0.0	0.0	0.03	0.1	0.1	0.15	0.06	0.09	0.25	0.008948	0.006335	0.0	0.014828	0.022831	0.020925	0.024021	0.009277	0.017517	0.040364	0.010384	0.005355	0.0	0.012559	0.026104	0.020309	0.027386	0.006964	0.016054	0.041307	0.035236	0.019191	0.0	0.041904	0.100069	0.117284	0.150033	0.05759	0.089035	0.24498
ERCC-00081	0.22888184	0.45776367	0.090019	0.100238	0.296485	0.218631	0.0	0.302256	0.392879	0.808962	0.409707	0.275754	DQ854991	0.09	0.1	0.31	0.23	0.0	0.26	0.4	0.82	0.42	0.28	0.024075	0.019487	0.079362	0.050381	0.0	0.036091	0.056176	0.118287	0.058132	0.035637	0.021928	0.021983	0.066631	0.051232	0.0	0.03656	0.05656	0.127113	0.059866	0.038493	0.093986	0.104717	0.309477	0.228056	0.0	0.262935	0.409296	0.84209	0.42748	0.288899
ERCC-00086	0.11444092	0.22888184	0.0	0.0	0.0	0.0	0.028281	0.04389	0.063332	0.108151	0.05008	0.078455	DQ516791	0.0	0.0	0.0	0.0	0.03	0.04	0.06	0.11	0.05	0.04	0.0	0.0	0.0	0.0	0.008275	0.007303	0.011114	0.019562	0.008631	0.012011	0.0	0.0	0.0	0.0	0.007179	0.007872	0.01124	0.019964	0.009244	0.01112	0.0	0.0	0.0	0.0	0.028132	0.043851	0.063171	0.107808	0.050005	0.078636
ERCC-00061	0.05722046	0.11444092	0.052202	0.037987	0.0	0.0	0.0	0.0	0.037163	0.01903	0.02203	0.103517	DQ459426	0.05	0.04	0.0	0.0	0.0	0.0	0.04	0.02	0.02	0.11	0.013638	0.010418	0.0	0.0	0.0	0.0	0.006252	0.003322	0.003247	0.017004	0.014803	0.010933	0.0	0.0	0.0	0.0	0.006796	0.00294	0.004171	0.018402	0.052192	0.037895	0.0	0.0	0.0	0.0	0.037032	0.018952	0.021975	0.103651
ERCC-00048	0.01430512	0.02861023	0.0	0.0	0.0	0.0	0.0	0.022682	0.0	0.044735	0.051787	0.0	DQ883671	0.0	0.0	0.0	0.0	0.0	0.02	0.0	0.05	0.05	0.0	0.0	0.0	0.0	0.0	0.0	0.003052	0.0	0.008056	0.008386	0.0	0.0	0.0	0.0	0.0	0.0	0.0	0.0	0.008493	0.009434	0.0	0.0	0.0	0.0	0.0	0.0	0.022739	0.0	0.044744	0.051885	0.0
